19970526,365,-99.9,999,-99.9,999,9999.9,999,999.9,999,999.9,999,999.9,999,9999.9,9999.9,"26/05/1997"""
,,,,,,,,,,,,,,,,
 This file is SPACE DELIMITED for easy import into both spreadsheets and programs.,,,,,,,,,,,,,,,,
The first line 19970526 contains dummy data and is provided to allow spreadsheets to sense the columns,,,,,,,,,,,,,,,,
 To read into a spreadsheet select DELIMITED and SPACE.,,,,,,,,,,,,,,,,
 ,,,,,,,,,,,,,,,,
 ,,,,,,,,,,,,,,,,
=========  The following essential information and notes should be kept in the data file ==========,,,,,,,,,,,,,,,,
 ,,,,,,,,,,,,,,,,
The Patched Point Data system is constructed from observational data obtained from the Bureau of Meteorology and other suppliers ,,,,,,,,,,,,,,,,
"and is freely available under the Creative Commons Attribution 4.0 International (CC BY 4.0) licence. Under this licence users can copy, modify, and redistribute the data, provided they acknowledge SILO as the data source and indicate if any changes were made to the data.",,,,,,,,,,,,,,,,
 ,,,,,,,,,,,,,,,,
Notes:,,,,,,,,,,,,,,,,
 * Patched Point data for station: 40082 UNIVERSITY OF QUEENSLAND GATTON          Lat: -27.5436 Long:  152.3375,,,,,,,,,,,,,,,,
 * Elevation: 89 m ,,,,,,,,,,,,,,,,
 * Extracted from SILO 'BoM Only' dataset on 20231109 ,,,,,,,,,,,,,,,,
" * Please read the documentation on the Patched Point Data, http://www.longpaddock.qld.gov.au/silo",,,,,,,,,,,,,,,,
 ,,,,,,,,,,,,,,,,
" * As evaporation is read at 9am, it has been shifted to the day before",,,,,,,,,,,,,,,,
    ie The evaporation measured on 20 April is in row for 19 April,,,,,,,,,,,,,,,,
" * The 6 Source columns Smx, Smn, Srn, Sev, Ssl, Svp indicate the source of the data to their left, namely Max temp, Min temp, Rainfall, Evaporation, Radiation and Vapour Pressure respectively",,,,,,,,,,,,,,,,
 ,,,,,,,,,,,,,,,,
"    0 = Station data, as supplied by Bureau, 23 = Nearby station, data from BoM",,,,,,,,,,,,,,,,
"   13 = Deaccumulated using nearby station,  15 = Deaccumulated using interpolated data",,,,,,,,,,,,,,,,
 ,,,,,,,,,,,,,,,,
"   25 = interpolated daily observations,     75 = interpolated long term average",,,,,,,,,,,,,,,,
 ,,,,,,,,,,,,,,,,
" * Relative Humidity has been calculated using 9am VP, T.Max and T.Min",,,,,,,,,,,,,,,,
   RHmaxT is estimated Relative Humidity at Temperature T.Max,,,,,,,,,,,,,,,,
   RHminT is estimated Relative Humidity at Temperature T.Min,,,,,,,,,,,,,,,,
" * The accuracy of the data depends on many factors including date, location, and variable.",,,,,,,,,,,,,,,,
"   For consistency data is supplied using one decimal place, however it is not accurate to that precision.",,,,,,,,,,,,,,,,
   Further information is available from http://www.longpaddock.qld.gov.au/silo,,,,,,,,,,,,,,,,
====================================================================================================,,,,,,,,,,,,,,,,
 ,,,,,,,,,,,,,,,,
Date,Day,T.Max,Smx,T.Min,Smn,Rain,Srn,Evap,Sev,Radn,Ssl,VP,Svp,RHmaxT,RHminT,Date2
(yyyymmdd),(),(oC),(),(oC),(),(mm),(),(mm),(),(MJ/m2),(),(hPa),(),(%),(%),(ddmmyyyy)
20200325,85,27.7,0,16.4,0,0,0,3.1,25,14.3,42,18.9,0,50.9,100,25/03/2020
20200326,86,29.7,0,15.8,0,0,0,4.5,25,20.4,42,18.2,0,43.6,100,26/03/2020
20200327,87,26.3,0,18.7,0,0,0,4,25,11.6,42,16.7,0,48.8,77.5,27/03/2020
20200328,88,29.9,0,16.5,0,0,0,4.2,25,16.7,42,17.2,0,40.8,91.7,28/03/2020
20200329,89,30.3,0,17,0,0,0,4.2,25,17,42,19.5,0,45.2,100,29/03/2020
20200330,90,31.2,0,16,0,0,0,4.3,25,21,42,20.6,0,45.3,100,30/03/2020
20200331,91,32.8,0,17.9,0,0,0,4.4,25,18.4,42,21.3,0,42.8,100,31/03/2020
20200401,92,31.5,0,15.3,0,0,0,4.5,25,18.4,42,19.6,0,42.4,100,1/04/2020
20200402,93,30.9,0,16.1,0,0,0,4.6,25,18.5,42,20,0,44.8,100,2/04/2020
20200403,94,32,0,16.3,0,0,0,5.4,25,20.3,42,22,0,46.3,100,3/04/2020
20200404,95,27.1,0,20.2,0,0,0,2.7,25,6.6,42,21.6,0,60.2,91.3,4/04/2020
20200405,96,29.3,0,16.3,0,4.6,0,4.9,25,20.7,42,14.2,0,34.8,76.7,5/04/2020
20200406,97,29.6,0,10.7,0,0,0,4.3,25,20.5,42,13.1,0,31.6,100,6/04/2020
20200407,98,29.6,0,13.6,0,0,0,4.3,25,19,42,15.4,0,37.1,98.9,7/04/2020
20200408,99,28.3,0,18.6,0,0,0,3.8,25,11.8,42,16.7,0,43.4,78,8/04/2020
20200409,100,28.7,0,18.8,0,0,0,4.1,25,15.3,42,16.7,0,42.4,77,9/04/2020
20200410,101,27.6,0,16.9,0,0,0,3.2,25,13,42,18.8,0,50.9,97.7,10/04/2020
20200411,102,31.3,0,16.8,0,0,0,5.7,25,19.5,42,20,0,43.8,100,11/04/2020
20200412,103,30.3,0,10.9,0,0,0,6.1,25,19.6,42,10.9,0,25.3,83.6,12/04/2020
20200413,104,28,0,10.6,0,0,0,4.2,25,18.9,42,13.4,0,35.5,100,13/04/2020
20200414,105,29.1,0,11.8,0,0,0,4.2,25,19.2,42,16,0,39.7,100,14/04/2020
20200415,106,29.6,0,13,0,0,0,4.3,25,18.7,42,17.2,0,41.5,100,15/04/2020
20200416,107,30.7,0,12.5,0,0,0,4.4,25,18.9,42,16.2,0,36.7,100,16/04/2020
20200417,108,35.1,0,11.9,0,0,0,4.5,25,18.7,42,15.8,0,27.9,100,17/04/2020
20200418,109,26.1,0,18.9,0,0,0,1.9,25,6.1,42,14.7,0,43.5,67.4,18/04/2020
20200419,110,28.2,0,12.9,0,0.2,0,3,25,13.8,42,14.6,0,38.2,98.2,19/04/2020
20200420,111,29.5,0,7.3,0,0,0,4.1,25,18.1,42,9.9,0,24,96.9,20/04/2020
20200421,112,31.4,0,9.7,0,0,0,3.7,25,18.2,42,9.7,0,21.1,80.7,21/04/2020
20200422,113,33.1,0,14.2,0,0,0,4.4,25,18.1,42,14.8,0,29.3,91.5,22/04/2020
20200423,114,29.5,0,13.6,0,0,0,3.9,25,17.2,42,16.7,0,40.5,100,23/04/2020
20200424,115,31.1,0,12.3,0,0,0,4.1,25,17.1,42,17.6,0,39,100,24/04/2020
20200425,116,29.6,0,12.9,0,0,0,4,25,16.7,42,17.3,0,41.7,100,25/04/2020
20200426,117,29.9,0,12.1,0,0,0,4.3,25,17.5,42,17.5,0,41.5,100,26/04/2020
20200427,118,29.6,0,12.2,0,0,0,4.1,25,15.4,42,15.8,0,38.1,100,27/04/2020
20200428,119,27.5,0,14.8,0,0,0,3.1,25,13.3,42,17.7,0,48.2,100,28/04/2020
20200429,120,28.7,0,13.7,0,0,0,3,25,14.2,42,17.7,0,45,100,29/04/2020
20200430,121,32,0,12.6,0,0,0,5.3,25,16.9,42,17.1,0,36,100,30/04/2020
20200501,122,21.8,0,12.4,0,0.2,0,4.8,25,16.9,42,9.5,0,36.4,66,1/05/2020
20200502,123,23.1,0,5,0,0,0,5.2,25,16.8,42,8.1,0,28.7,92.9,2/05/2020
20200503,124,23.8,0,11.2,0,0,0,4.9,25,16.6,42,9.9,0,33.6,74.5,3/05/2020
20200504,125,26.4,0,5.2,0,0,0,2.7,25,16.5,42,7.9,0,23,89.4,4/05/2020
20200505,126,25,0,7.6,0,0,0,3.7,25,16,42,11.2,0,35.4,100,5/05/2020
20200506,127,24.9,0,9.2,0,0,0,2.4,25,12.5,42,14,0,44.5,100,6/05/2020
20200507,128,26.1,0,9.2,0,0,0,2.2,25,13.9,42,13.5,0,39.9,100,7/05/2020
20200508,129,26.7,0,10.9,0,0,0,3.1,25,14.6,42,15.3,0,43.7,100,8/05/2020
20200509,130,28.1,0,9.7,0,0,0,3.1,25,14.5,42,15.1,0,39.7,100,9/05/2020
20200510,131,26,0,13,0,0.2,0,3.6,25,12.8,42,14,0,41.7,93.5,10/05/2020
20200511,132,25.2,0,8.6,0,0,0,3.4,25,15.7,42,8.9,0,27.8,79.7,11/05/2020
20200512,133,24.5,0,5.3,0,0,0,2.9,25,13.4,42,9.6,0,31.2,100,12/05/2020
20200513,134,25.1,0,7.6,0,0,0,1.7,25,13.5,42,12,0,37.7,100,13/05/2020
20200514,135,26.7,0,12.5,0,0,0,1.6,25,13.4,42,14.1,0,40.3,97.3,14/05/2020
20200515,136,25.7,0,8.6,0,0,0,3.1,25,14.7,42,13,0,39.4,100,15/05/2020
20200516,137,25,0,8.7,0,0,0,3.2,25,14.5,42,11.8,0,37.3,100,16/05/2020
20200517,138,25.4,0,8.7,0,0,0,2.4,25,14.3,42,13.4,0,41.3,100,17/05/2020
20200518,139,25.5,0,13.7,0,0,0,3.1,25,10.7,42,15,0,46,95.7,18/05/2020
20200519,140,25.6,0,7.6,0,0,0,2.5,25,11.5,42,13,0,39.6,100,19/05/2020
20200520,141,23.1,0,12.9,0,0,0,1.3,25,8.6,42,16.2,0,57.3,100,20/05/2020
20200521,142,18.7,0,14.1,0,2.2,0,2.2,25,5.9,42,18.7,0,86.8,100,21/05/2020
20200522,143,15.8,0,10,0,5.6,0,3.2,25,11.4,42,9,0,50.2,73.3,22/05/2020
20200523,144,15.5,0,9.6,0,0,0,1.5,25,7.3,42,8.7,0,49.4,72.8,23/05/2020
20200524,145,18.9,0,8.1,0,0,0,2.1,25,14.7,42,8.8,0,40.3,81.5,24/05/2020
20200525,146,24.3,0,10.8,0,0,0,2.6,25,14.7,42,11.6,0,38.2,89.6,25/05/2020
20200526,147,24.4,0,10.3,0,0,0,2.1,25,14.4,42,11,0,36,87.9,26/05/2020
20200527,148,25.3,0,9.4,0,0,0,2.5,25,13.2,42,11.4,0,35.4,96.7,27/05/2020
20200528,149,25.5,0,12.1,0,0,0,2.1,25,13.4,42,13.7,0,42,97.1,28/05/2020
20200529,150,26.4,0,11.4,0,0,0,2.4,25,10.3,42,13.8,0,40.1,100,29/05/2020
20200530,151,24.7,0,8,0,6,0,2.7,25,12.7,42,13,0,41.8,100,30/05/2020
20200531,152,23.4,0,9.9,0,0,0,2.1,25,13.1,42,14.1,0,49,100,31/05/2020
20200601,153,25.5,0,9.3,0,0,0,3.2,25,12.7,42,15.7,0,48.1,100,1/06/2020
20200602,154,19.1,0,11,0,0,0,4.2,25,14.2,42,6.8,0,30.8,51.8,2/06/2020
20200603,155,22.3,0,7.7,0,0,0,2.9,25,14.2,42,7.4,0,27.5,70.5,3/06/2020
20200604,156,22.5,0,4.1,0,0,0,2.6,25,13.9,42,8.9,0,32.7,100,4/06/2020
20200605,157,23.8,0,6.8,0,0,0,2.2,25,13.9,42,10.2,0,34.6,100,5/06/2020
20200606,158,24.1,0,5.8,0,0,0,2.4,25,14,42,11.4,0,38,100,6/06/2020
20200607,159,24.3,0,6.4,0,0,0,2,25,13.9,42,11.6,0,38.2,100,7/06/2020
20200608,160,23.4,0,10,0,0.2,0,2.4,25,11.5,42,13.5,0,46.9,100,8/06/2020
20200609,161,23.5,0,5.6,0,0,0,2.7,25,12.6,42,10,0,34.5,100,9/06/2020
20200610,162,24,0,12.7,0,1.8,0,1.5,25,9.5,42,18.2,0,61,100,10/06/2020
20200611,163,26.7,0,11.1,0,0.2,0,1.6,25,12.9,42,17.3,0,49.4,100,11/06/2020
20200612,164,26.1,0,8.7,0,0,0,2.2,25,13.8,42,16.6,0,49.1,100,12/06/2020
20200613,165,24.6,0,9.2,0,0,0,1.5,25,12.2,42,13.1,0,42.4,100,13/06/2020
20200614,166,20.9,0,14.6,0,0,0,2.4,25,5.6,42,20.5,0,83,100,14/06/2020
20200615,167,24.5,0,11.5,0,16.4,0,2.1,25,13.8,42,13.5,0,43.9,99.6,15/06/2020
20200616,168,24.8,0,9.5,0,0,0,1.3,25,12.3,42,13.8,0,44.1,100,16/06/2020
20200617,169,23.9,0,8.7,0,0,0,2.3,25,13.6,42,15.3,0,51.6,100,17/06/2020
20200618,170,23.6,0,10.5,0,0,0,2.3,25,10.6,42,13.9,0,47.7,100,18/06/2020
20200619,171,22.1,0,9.3,0,1.8,0,2,25,11.7,42,13,0,48.9,100,19/06/2020
20200620,172,18.1,0,7.4,0,0,0,1.1,25,9.2,42,13.2,0,63.6,100,20/06/2020
20200621,173,22.9,0,10,0,0,0,2.4,25,12.8,42,15.6,0,55.9,100,21/06/2020
20200622,174,20,0,6.8,0,1,0,3.2,25,13.8,42,10.5,0,44.9,100,22/06/2020
20200623,175,19.8,0,2.6,0,0,0,2.8,25,13.1,42,8.8,0,38.1,100,23/06/2020
20200624,176,19.2,0,6.2,0,0,0,3,25,13.8,42,8.7,0,39.1,91.8,24/06/2020
20200625,177,22.2,0,7.7,0,0,0,1.6,25,13.9,42,9,0,33.6,85.7,25/06/2020
20200626,178,22.6,0,4.5,0,0,0,2.6,25,13.9,42,9.2,0,33.6,100,26/06/2020
20200627,179,23.4,0,5.5,0,0,0,1.6,25,13.9,42,11.4,0,39.6,100,27/06/2020
20200628,180,19.3,0,7.6,0,0,0,2,25,9.9,42,11.3,0,50.5,100,28/06/2020
20200629,181,22.4,0,5.3,0,0,0,2.3,25,13.9,42,10.7,0,39.5,100,29/06/2020
20200630,182,22.5,0,3.9,0,0,0,1.7,25,13.2,42,9.9,0,36.3,100,30/06/2020
20200701,183,23.5,0,7.6,0,0,0,1.8,25,13.8,42,12.5,0,43.2,100,1/07/2020
20200702,184,24.3,0,6.2,0,0,0,2,25,13.6,42,11,0,36.2,100,2/07/2020
20200703,185,26.5,0,5.8,0,0,0,3.1,25,13.6,42,11.4,0,32.9,100,3/07/2020
20200704,186,19.4,0,9.3,0,0,0,3,25,14.1,42,8,0,35.5,68.3,4/07/2020
20200705,187,22,0,6.5,0,0,0,2,25,13.9,42,5.9,0,22.3,61,5/07/2020
20200706,188,21.6,0,3.8,0,0,0,1.9,25,14.2,42,8.5,0,33,100,6/07/2020
20200707,189,23.2,0,2.1,0,0,0,2.2,25,14.2,42,9.3,0,32.7,100,7/07/2020
20200708,190,24.4,0,4.1,0,0,0,2.2,25,14.3,42,9.9,0,32.4,100,8/07/2020
20200709,191,17.7,0,12.4,0,0.8,0,1.8,25,8.6,42,14.8,0,73.1,100,9/07/2020
20200710,192,21.5,0,9.1,0,3.6,0,1.2,25,9.1,42,15.5,0,60.5,100,10/07/2020
20200711,193,23.9,0,9,0,0.2,0,2,25,12.8,42,15.4,0,51.9,100,11/07/2020
20200712,194,17.5,0,13,0,0,0,1.9,25,5.7,42,15.8,0,79,100,12/07/2020
20200713,195,20.1,0,11.8,0,4.6,0,2.8,25,14.2,42,11.6,0,49.3,83.9,13/07/2020
20200714,196,16.9,0,7.3,0,0,0,3,25,14.5,42,8.8,0,45.7,86.1,14/07/2020
20200715,197,21.9,0,8.5,0,0,0,2.9,25,14.7,42,9.8,0,37.3,88.4,15/07/2020
20200716,198,20.7,0,6.4,0,0,0,3.2,25,14.8,42,8.5,0,34.8,88.5,16/07/2020
20200717,199,23.1,0,5.7,0,0,0,2.2,25,14.8,42,8,0,28.3,87.4,17/07/2020
20200718,200,23.6,0,5.5,0,0,0,2.5,25,14.9,42,10.7,0,36.7,100,18/07/2020
20200719,201,25.8,0,4,0,0,0,3,25,15,42,10.6,0,31.9,100,19/07/2020
20200720,202,25.4,0,1.7,0,0,0,3.3,25,15.1,42,8.9,0,27.4,100,20/07/2020
20200721,203,22.2,0,8.2,0,0,0,2.4,25,13.5,42,8.4,0,31.4,77.3,21/07/2020
20200722,204,19,0,7.9,0,0,0,1,25,8.5,42,8.9,0,40.5,83.6,22/07/2020
20200723,205,17.9,0,10.6,0,0,0,1,25,7.1,42,10.9,0,53.2,85.3,23/07/2020
20200724,206,21.2,0,10.1,0,6.4,0,1.4,25,12.1,42,16.5,0,65.6,100,24/07/2020
20200725,207,18.5,0,12.1,0,0.6,0,1.6,25,8.4,42,16.4,0,77,100,25/07/2020
20200726,208,22.8,0,15.2,0,8.2,0,2.4,25,11.1,42,17.2,0,62,99.6,26/07/2020
20200727,209,19.3,0,11.1,0,0.6,0,2.6,25,11.6,42,11.2,0,50.1,84.8,27/07/2020
20200728,210,20.6,0,9.2,0,0,0,2.8,25,15.4,42,9.4,0,38.8,80.8,28/07/2020
20200729,211,23,0,7,0,0,0,2.5,25,15.8,42,11.2,0,39.9,100,29/07/2020
20200730,212,23.9,0,9,0,0,0,3,25,15.7,42,11.2,0,37.8,97.6,30/07/2020
20200731,213,22.8,0,5.8,0,0,0,3.7,25,16,42,10.8,0,38.9,100,31/07/2020
20200801,214,23.1,0,5.9,0,0,0,2.1,25,14.5,42,10.8,0,38.2,100,1/08/2020
20200802,215,23.2,0,5.9,0,0,0,2.8,25,16.2,42,11.3,0,39.8,100,2/08/2020
20200803,216,23.8,0,7.4,0,0,0,2.5,25,16.1,42,12.2,0,41.4,100,3/08/2020
20200804,217,25.1,0,8.8,0,0,0,2.8,25,14.3,42,11.2,0,35.2,99,4/08/2020
20200805,218,27.4,0,3.5,0,0,0,4.2,25,16.4,42,9.6,0,26.3,100,5/08/2020
20200806,219,27.1,0,2.5,0,0,0,2.7,25,16.4,42,8.7,0,24.3,100,6/08/2020
20200807,220,22.3,0,10.9,0,0,0,1.5,25,6.8,42,14.8,0,55,100,7/08/2020
20200808,221,23.6,0,13.5,0,15.6,0,2.9,25,15.8,42,15.5,0,53.2,100,8/08/2020
20200809,222,17.9,0,8.8,0,0,0,3.4,25,16.7,42,9.2,0,44.9,81.3,9/08/2020
20200810,223,16.6,0,6.6,0,0,0,2.9,25,13.4,42,8.9,0,47.1,91.4,10/08/2020
20200811,224,23.3,0,8.6,0,0,0,2.4,25,17.2,42,10.7,0,37.4,95.8,11/08/2020
20200812,225,24.8,0,8.1,0,0,0,2.8,25,16,42,12.9,0,41.2,100,12/08/2020
20200813,226,28.6,0,7.9,0,0,0,3.4,25,17.3,42,14.2,0,36.3,100,13/08/2020
20200814,227,28.3,0,8.1,0,0,0,4.1,25,17.4,42,11.7,0,30.4,100,14/08/2020
20200815,228,23.4,0,15.2,0,5.8,0,4.5,25,13.3,42,17.4,0,60.5,100,15/08/2020
20200816,229,22.5,0,9.5,0,5.6,0,3.8,25,17.5,42,12,0,44,100,16/08/2020
20200817,230,21.6,0,5.9,0,0,0,4.2,25,18,42,10,0,38.8,100,17/08/2020
20200818,231,25.5,0,3.5,0,0,0,3.3,25,15.3,42,9.4,0,28.8,100,18/08/2020
20200819,232,26.7,0,7.3,0,0,0,7,25,18.2,42,8.4,0,24,82.2,19/08/2020
20200820,233,22.8,0,6,0,0,0,5.5,25,18,42,7.5,0,27,80.3,20/08/2020
20200821,234,23.2,0,4.8,0,0,0,5.2,25,18.4,42,8.3,0,29.2,96.5,21/08/2020
20200822,235,22.7,0,3.1,0,0,0,6.2,25,17.6,42,7.2,0,26.1,94.4,22/08/2020
20200823,236,20.4,0,6.7,0,0,0,5.4,25,18.7,42,5.6,0,23.4,57.1,23/08/2020
20200824,237,21.8,0,6,0,0,0,4.1,25,18.8,42,6.6,0,25.3,70.6,24/08/2020
20200825,238,23.3,0,3,0,0,0,3.7,25,18.9,42,6.8,0,23.8,89.8,25/08/2020
20200826,239,23.5,0,2.1,0,0,0,3.1,25,17.9,42,7.4,0,25.6,100,26/08/2020
20200827,240,24.3,0,6.7,0,1.6,0,3.7,25,18.2,42,11.7,0,38.5,100,27/08/2020
20200828,241,26.4,0,5.1,0,0,0,4.2,25,19.3,42,11.2,0,32.5,100,28/08/2020
20200829,242,24.3,0,5.5,0,0.8,0,4.3,25,19,42,10.8,0,35.6,100,29/08/2020
20200830,243,23.7,0,8.5,0,0,0,3.6,25,14.3,42,12.1,0,41.3,100,30/08/2020
20200831,244,28.2,0,5.8,0,1.4,0,4,25,19.5,42,12.6,0,33,100,31/08/2020
20200901,245,28.6,0,6.1,0,1.6,0,3.9,25,19.7,42,11.5,0,29.4,100,1/09/2020
20200902,246,27.3,0,11.1,0,0,0,3.6,25,17.3,42,15.8,0,43.6,100,2/09/2020
20200903,247,26.5,0,8.4,0,0,0,3.8,25,17,42,16.1,0,46.5,100,3/09/2020
20200904,248,27.9,0,11.6,0,0,0,4.2,25,18,42,15.8,0,42.1,100,4/09/2020
20200905,249,28.6,0,9.6,0,0,0,4.1,25,19.9,42,14.5,0,37.1,100,5/09/2020
20200906,250,25.6,0,12.3,0,0,0,3.7,25,11.3,42,16.8,0,51.2,100,6/09/2020
20200907,251,26.8,0,14.9,0,0,0,4,25,17.2,42,13,0,36.9,76.8,7/09/2020
20200908,252,26.9,0,8.3,0,0,0,4,25,17.6,42,12.3,0,34.7,100,8/09/2020
20200909,253,26.5,0,9.2,0,0,0,5.1,25,20.3,42,13.8,0,39.9,100,9/09/2020
20200910,254,21.5,0,9.7,0,0,0,2.3,25,9,42,13.2,0,51.5,100,10/09/2020
20200911,255,25.1,0,14.8,0,0,0,2.9,25,18.1,42,13,0,40.8,77.3,11/09/2020
20200912,256,25.3,0,5.4,0,0,0,4.6,25,18.2,42,11,0,34.1,100,12/09/2020
20200913,257,26.9,0,7.7,0,0.6,0,4.2,25,20.5,42,13,0,36.7,100,13/09/2020
20200914,258,29.5,0,11.7,0,0,0,4.3,25,21.4,42,14.2,0,34.4,100,14/09/2020
20200915,259,27.7,0,10.8,0,0,25,5,25,18.6,42,15.9,0,42.8,100,15/09/2020
20200916,260,27.2,0,9.5,0,0.2,0,3.7,25,17,42,13.6,0,37.7,100,16/09/2020
20200917,261,29.2,0,9.6,0,0,0,4.6,25,21.9,42,15.5,0,38.3,100,17/09/2020
20200918,262,28.5,0,10.7,0,0,0,5,25,19.1,42,16.2,0,41.6,100,18/09/2020
20200919,263,27.2,0,14.8,0,0.4,0,5.2,25,17.9,42,15.1,0,41.9,89.8,19/09/2020
20200920,264,29.8,0,13,0,0.2,0,4.3,25,20,42,17.5,0,41.7,100,20/09/2020
20200921,265,34,0,13.6,0,0,0,5.3,25,21.9,42,18.1,0,34,100,21/09/2020
20200922,266,33.7,0,18.6,0,0,0,5.5,25,18.1,42,19.3,0,36.9,90.1,22/09/2020
20200923,267,32.5,0,17.4,25,0,0,7,25,19.2,42,13.6,0,27.8,68.5,23/09/2020
20200924,268,30,0,17.1,0,0,0,6.8,25,22.5,42,7.2,0,17,36.9,24/09/2020
20200925,269,33.3,0,7.3,0,0,0,8.5,25,20.9,42,9.9,0,19.4,96.9,25/09/2020
20200926,270,24.5,0,12.4,0,0,0,6.5,25,23.3,42,5.6,0,18.2,38.9,26/09/2020
20200927,271,26.3,0,4.1,0,0,0,5.3,25,23.4,42,4.8,0,14,58.6,27/09/2020
20200928,272,26,0,6,0,0,0,6.6,25,22,42,9.7,0,28.9,100,28/09/2020
20200929,273,25.8,0,8.6,0,0,0,5.6,25,19.7,42,11.4,0,34.3,100,29/09/2020
20200930,274,25.4,0,6.3,0,0,0,3.2,25,16.2,42,10.5,0,32.4,100,30/09/2020
20201001,275,31.9,0,8.8,0,0,0,4.9,25,22.5,42,12.7,0,26.9,100,1/10/2020
20201002,276,32.2,0,11.6,0,0,0,5.7,25,24.2,42,15.4,0,32,100,2/10/2020
20201003,277,29.9,0,10.1,0,0,0,6.9,25,22.9,42,14.7,0,34.8,100,3/10/2020
20201004,278,28.9,0,8.8,0,0,0,6.6,25,23.7,42,12.7,0,31.9,100,4/10/2020
20201005,279,30.1,0,10.3,0,0,0,5.7,25,24.4,42,12.7,0,29.8,100,5/10/2020
20201006,280,29.7,0,10.5,0,0,0,6.2,25,23.5,42,16.3,0,39.1,100,6/10/2020
20201007,281,29.7,0,10.5,0,0,0,5.8,25,24.3,42,15.4,0,36.9,100,7/10/2020
20201008,282,31.2,0,11.4,0,0,0,5.8,25,22.3,42,14.4,0,31.7,100,8/10/2020
20201009,283,35.8,0,12.2,0,0,0,8.2,25,23.9,42,15.3,0,26,100,9/10/2020
20201010,284,32.2,0,10.7,0,0,0,6.6,25,25.4,42,9.1,0,18.9,70.8,10/10/2020
20201011,285,30.5,0,16.6,0,0,0,6.2,25,23.7,42,15.3,0,35,81,11/10/2020
20201012,286,29.2,0,17.4,0,0,0,5.2,25,19.5,42,15.6,0,38.5,78.5,12/10/2020
20201013,287,28.4,0,11.9,0,0,0,4.9,25,18.7,42,13.9,0,35.9,99.8,13/10/2020
20201014,288,26.9,0,11,0,0,0,5.1,25,17.4,42,13.8,0,38.9,100,14/10/2020
20201015,289,29.3,0,9.8,0,0,0,5.7,25,19.9,42,14.4,0,35.3,100,15/10/2020
20201016,290,33,0,10.4,0,0,0,6.7,25,26.2,42,13.9,0,27.6,100,16/10/2020
20201017,291,32,0,10.7,0,0,0,7.1,25,24.9,42,15.1,0,31.8,100,17/10/2020
20201018,292,34.3,0,10.5,0,0,0,7.1,25,25.4,42,14.3,0,26.4,100,18/10/2020
20201019,293,30.1,0,13.3,0,3,0,6.6,25,26.3,42,15,0,35.2,98.3,19/10/2020
20201020,294,30.4,0,13.2,0,0,0,5.4,25,23.1,42,13.9,0,32,91.7,20/10/2020
20201021,295,24.1,0,13.1,0,0,0,2.6,25,10.2,42,14.1,0,47,93.6,21/10/2020
20201022,296,25.7,0,17,0,13.4,0,3,25,16.8,42,18.9,0,57.2,97.6,22/10/2020
20201023,297,28.7,0,19.3,0,5.2,0,3.8,25,17.9,42,18.5,0,47,82.7,23/10/2020
20201024,298,25.3,0,19.4,0,0.2,0,2.3,25,6.5,42,20,0,62,88.8,24/10/2020
20201025,299,27,0,16.4,0,19.2,0,4.2,25,18.3,42,22.1,0,62,100,25/10/2020
20201026,300,30.7,0,17.3,0,9.4,0,4.3,25,21.5,42,19,0,43,96.3,26/10/2020
20201027,301,28,0,15.9,0,0,0,4.5,25,11.6,42,19.7,0,52.1,100,27/10/2020
20201028,302,26.7,0,17.8,0,11.6,0,4.4,25,16.3,42,19.4,0,55.4,95.2,28/10/2020
20201029,303,30.2,0,14.5,0,18.4,0,6.8,25,28,42,20.1,0,46.8,100,29/10/2020
20201030,304,33.8,0,10.5,0,0,0,7.8,25,28.4,42,13.9,0,26.4,100,30/10/2020
20201031,305,31.3,0,17.7,0,0,0,6.3,25,11.3,42,18.8,0,41.1,92.9,31/10/2020
20201101,306,31.7,0,13.6,0,7,0,7.8,25,28.7,42,12.5,0,26.7,80.3,1/11/2020
20201102,307,29.5,0,14.1,0,0.2,0,6.4,25,25.2,42,16.2,0,39.3,100,2/11/2020
20201103,308,28.7,0,12.9,0,0,0,6.9,25,28.9,42,12.1,0,30.7,81.4,3/11/2020
20201104,309,29.9,0,12.1,0,0,0,6.2,25,29,42,13.6,0,32.2,96.4,4/11/2020
20201105,310,37.9,0,14.5,0,0,0,9.2,25,26.4,42,17.5,0,26.6,100,5/11/2020
20201106,311,30.6,0,14,0,0,0,7.7,25,29.2,42,8.1,0,18.4,50.7,6/11/2020
20201107,312,29.8,0,17.6,0,0,0,5.6,25,26.9,42,15.4,0,36.7,76.6,7/11/2020
20201108,313,25.1,0,17.2,0,0,0,5.1,25,11,42,13.8,0,43.3,70.4,8/11/2020
20201109,314,27.4,0,9.1,0,0,0,6.4,25,26.2,42,12.6,0,34.5,100,9/11/2020
20201110,315,28.1,0,10.8,0,0,0,6.4,25,26.7,42,14.2,0,37.4,100,10/11/2020
20201111,316,30.3,0,11.8,0,0,0,7.1,25,28.9,42,13.9,0,32.2,100,11/11/2020
20201112,317,31,0,12.7,0,0,0,6.7,25,27.3,42,16.9,0,37.6,100,12/11/2020
20201113,318,29.7,0,17.8,0,0,0,4.2,25,17.3,42,16.1,0,38.6,79,13/11/2020
20201114,319,37.4,0,14.7,0,0.8,0,8.5,25,29.9,42,18,0,28.1,100,14/11/2020
20201115,320,38.6,0,13.9,0,0,0,9.5,25,30,42,17.5,0,25.6,100,15/11/2020
20201116,321,36.8,0,17.7,0,0,0,8.1,25,26.7,42,22.4,0,36.1,100,16/11/2020
20201117,322,37.7,0,21.1,0,0,0,8.2,25,19.9,42,20.1,0,30.8,80.4,17/11/2020
20201118,323,30.9,0,21,0,0,0,6,25,18.7,42,16.5,0,36.9,66.4,18/11/2020
20201119,324,31.2,0,19,0,0,0,7.3,25,29.7,42,15.5,0,34.1,70.6,19/11/2020
20201120,325,33.9,0,14.4,0,0,0,8.1,25,30,42,16.6,0,31.4,100,20/11/2020
20201121,326,34.9,0,14.3,0,0,0,8.6,25,30.4,42,17.2,0,30.8,100,21/11/2020
20201122,327,34.7,0,14.1,0,0,0,8,25,30,42,16.6,0,30,100,22/11/2020
20201123,328,38.7,0,12.9,0,0,0,8.7,25,30.6,42,17.6,0,25.6,100,23/11/2020
20201124,329,38.3,0,22.2,0,0,0,8.6,25,26.8,42,16.2,0,24.1,60.6,24/11/2020
20201125,330,30.4,0,20.6,25,0,0,7,25,20.9,42,16.5,0,38,68,25/11/2020
20201126,331,35.6,0,15.7,0,0,0,6.9,25,30.7,42,17.5,0,30.1,98.2,26/11/2020
20201127,332,33.2,0,17.7,0,0,0,7.7,25,27.3,42,18.4,0,36.2,90.9,27/11/2020
20201128,333,35.9,0,14.4,0,0,0,9.1,25,30.8,42,15.5,0,26.2,94.5,28/11/2020
20201129,334,39.8,0,16.1,0,0,0,9.5,25,30.9,42,17.6,0,24.1,96.2,29/11/2020
20201130,335,36.3,0,18.9,0,0,0,9.6,25,30.4,42,21.3,0,35.3,97.6,30/11/2020
20201201,336,37.6,0,22.8,0,0,0,8.4,25,27.1,42,19.6,0,30.2,70.6,1/12/2020
20201202,337,39.4,0,20.5,0,0,0,7.7,25,28.9,42,24,0,33.6,99.6,2/12/2020
20201203,338,35.1,0,24.1,0,0,0,6.9,25,23,42,23.1,0,40.9,77,3/12/2020
20201204,339,40.4,0,23.4,0,0,0,7.1,25,26,42,20.6,0,27.3,71.6,4/12/2020
20201205,340,40.9,0,20.4,0,0,0,9.8,25,29.2,42,22.2,0,28.7,92.7,5/12/2020
20201206,341,43.5,0,21.4,0,0,0,9.7,25,24.5,42,16.9,0,19.1,66.3,6/12/2020
20201207,342,30.6,0,23.7,0,5.2,0,5,25,7.5,42,24.1,0,54.9,82.3,7/12/2020
20201208,343,31.2,0,20.8,0,1.8,0,5.8,25,15.1,42,19.9,0,43.8,81,8/12/2020
20201209,344,32.5,0,17.7,0,0.2,0,7.7,25,24.3,42,15.8,0,32.3,78.1,9/12/2020
20201210,345,33.8,0,14.7,0,0,0,7,25,28.5,42,16.4,0,31.2,98.1,10/12/2020
20201211,346,25.8,0,19,0,0,0,1.6,25,6.4,42,18.1,0,54.5,82.4,11/12/2020
20201212,347,25.7,0,17.2,0,11.6,0,4.6,25,28.2,42,16.9,0,51.2,86.2,12/12/2020
20201213,348,24.3,0,17.7,0,6.6,0,2.2,25,8.2,42,20.4,0,67.2,100,13/12/2020
20201214,349,26.6,0,18.5,0,8.2,0,1.1,25,8.6,42,23.5,0,67.5,100,14/12/2020
20201215,350,31.1,0,20.5,0,1.8,0,4.6,25,23.3,42,24.4,0,54,100,15/12/2020
20201216,351,33.7,0,18.9,0,0,0,4.7,25,26.2,42,24.4,0,46.6,100,16/12/2020
20201217,352,32.8,0,22.7,0,0.2,0,5.5,25,21,42,26.4,0,53.1,95.7,17/12/2020
20201218,353,35.3,0,23.8,0,0.2,0,8.1,25,23.6,42,24.1,0,42.2,81.8,18/12/2020
20201219,354,34.3,0,21.6,0,7.4,0,5.6,25,26.1,42,26,0,48.1,100,19/12/2020
20201220,355,36,0,23.3,0,0.2,0,7.2,25,29.3,42,22.2,0,37.4,77.6,20/12/2020
20201221,356,33.3,0,23,0,1.6,0,4.2,25,16.1,42,24.4,0,47.7,86.9,21/12/2020
20201222,357,35.2,0,21,0,0,0,5.5,25,18.3,42,22.8,0,40.1,91.7,22/12/2020
20201223,358,34.2,0,21.3,0,0.6,0,8.1,25,30.4,42,17.2,0,32,67.9,23/12/2020
20201224,359,30.4,0,16.2,0,0,0,5.4,25,15.9,42,17.7,0,40.8,96.2,24/12/2020
20201225,360,32.6,0,20,0,0.4,0,5.4,25,19.8,42,19,0,38.6,81.3,25/12/2020
20201226,361,30.2,0,16.1,0,0,0,5.4,25,17.3,42,17.8,0,41.5,97.3,26/12/2020
20201227,362,33.9,0,14,0,0,0,6.8,25,26.7,42,18.3,0,34.6,100,27/12/2020
20201228,363,36.2,0,15.2,0,0,0,7.5,25,30.4,42,19.4,0,32.3,100,28/12/2020
20201229,364,33.8,0,18.1,0,0,0,5.4,25,22.9,42,20,0,38,96.3,29/12/2020
20201230,365,28.4,0,21.4,0,0,0,3.6,25,8.1,42,23,0,59.5,90.3,30/12/2020
20201231,366,32.7,0,19,0,1,0,4.9,25,22.8,42,22.2,0,44.9,100,31/12/2020
20210101,1,30.9,0,17.6,0,0,0,4.7,25,20.9,42,21.3,0,47.7,100,1/01/2021
20210102,2,31.5,0,20.4,0,0.6,0,7,25,18.4,42,21.3,0,46.1,88.9,2/01/2021
20210103,3,33.9,0,20.7,0,0.4,0,5.1,25,19.5,42,22.1,0,41.8,90.6,3/01/2021
20210104,4,31.9,0,21.8,0,0,0,4,25,18.1,42,22.5,0,47.6,86.2,4/01/2021
20210105,5,37.4,0,20,0,0.2,0,4.7,25,20.5,42,23.8,0,37.1,100,5/01/2021
20210106,6,37.4,0,21.6,0,8.4,0,4.8,25,28.1,42,25.2,0,39.3,97.7,6/01/2021
20210107,7,26.3,0,20.9,0,46.8,0,3.3,25,8.3,42,20.6,0,60.2,83.4,7/01/2021
20210108,8,23.1,0,19.9,0,0,0,2.4,25,6.2,42,17.8,0,63,76.6,8/01/2021
20210109,9,25.2,0,18.1,0,7.8,0,2.6,25,10.1,42,18.1,0,56.5,87.2,9/01/2021
20210110,10,29.4,0,17.5,0,0,0,5.5,25,24.1,42,18.5,0,45.1,92.6,10/01/2021
20210111,11,29.9,0,15.2,0,0,0,6.3,25,27.3,42,17.3,0,41,100,11/01/2021
20210112,12,30.8,0,15.7,0,0,0,6.1,25,27.1,42,18,0,40.5,100,12/01/2021
20210113,13,31.8,0,16.2,0,0,0,6.1,25,27.7,42,17.1,0,36.4,92.9,13/01/2021
20210114,14,33.3,0,18.6,0,0,0,7.4,25,29,42,20.9,0,40.9,97.6,14/01/2021
20210115,15,35.3,0,17.2,0,0,0,6.9,25,30.9,42,20.4,0,35.7,100,15/01/2021
20210116,16,38.1,0,22,0,0.2,0,5.8,25,28.4,42,23.7,0,35.6,89.7,16/01/2021
20210117,17,31,0,23,0,0,0,6.2,25,19.7,42,18.8,0,41.8,66.9,17/01/2021
20210118,18,34.4,0,21.4,0,0,0,5.2,25,22.8,42,21.6,0,39.7,84.8,18/01/2021
20210119,19,32.6,0,19.5,0,20.4,0,5.3,25,26.7,42,22.1,0,44.9,97.5,19/01/2021
20210120,20,29.1,0,20.5,0,0,0,5,25,22.9,42,20,0,49.6,83,20/01/2021
20210121,21,26.9,0,18.8,0,0,0,4.2,25,12.7,42,18.5,0,52.2,85.3,21/01/2021
20210122,22,30,0,16.9,0,0,0,5.8,25,26.5,42,17.6,0,41.5,91.5,22/01/2021
20210123,23,31.6,0,16.2,0,0,0,5.3,25,29,42,18.5,0,39.8,100,23/01/2021
20210124,24,32.1,0,14.3,0,0,0,5.3,25,26,42,18.9,0,39.5,100,24/01/2021
20210125,25,31.2,0,18.1,0,0,0,5.3,25,24.1,42,22.2,0,48.9,100,25/01/2021
20210126,26,33.3,0,16.1,0,0,0,7.9,25,29.7,42,20.6,0,40.3,100,26/01/2021
20210127,27,34.8,0,18.4,0,0,0,6.8,25,29,42,21.7,0,39,100,27/01/2021
20210128,28,33,0,22.2,0,0.8,0,5.8,25,24.7,42,23.4,0,46.5,87.5,28/01/2021
20210129,29,32.7,0,18.4,0,0,0,6.7,25,22.9,42,19.4,0,39.2,91.7,29/01/2021
20210130,30,33.5,0,18.1,0,0,0,5.7,25,25.2,42,21.6,0,41.8,100,30/01/2021
20210131,31,30.6,0,18.7,0,0,0,6.9,25,21.5,42,23.8,0,54.2,100,31/01/2021
20210201,32,31.9,0,20.6,0,7.8,0,5.5,25,25,42,19.3,0,40.8,79.6,1/02/2021
20210202,33,26.8,0,18.5,0,0,0,2.2,25,8.8,42,22.7,0,64.4,100,2/02/2021
20210203,34,30.7,0,19.9,0,0.8,0,7.1,25,22.6,42,19.1,0,43.2,82.2,3/02/2021
20210204,35,33.5,0,14.8,0,0,0,6.6,25,28,42,17.8,0,34.4,100,4/02/2021
20210205,36,32.4,0,16.8,0,0,0,5.6,25,22.9,42,20.3,0,41.7,100,5/02/2021
20210206,37,34.5,0,16.3,0,0,0,5.6,25,27.4,42,21.6,0,39.5,100,6/02/2021
20210207,38,38.5,0,20.9,0,0,0,8.3,25,25.5,42,23.2,0,34.1,93.9,7/02/2021
20210208,39,31.6,0,24.3,0,0,0,6.2,25,13.5,42,20.6,0,44.3,67.8,8/02/2021
20210209,40,30.4,0,19.7,0,0,0,6,25,18.2,42,16.9,0,38.9,73.7,9/02/2021
20210210,41,30.9,0,14.6,0,0,0,5.5,25,20.4,42,15.2,0,34,91.5,10/02/2021
20210211,42,31.8,0,14.7,0,0,0,6.2,25,23.7,42,17.2,0,36.6,100,11/02/2021
20210212,43,33.9,0,19.8,0,0,0,5.8,25,26.1,42,18.7,0,35.3,81,12/02/2021
20210213,44,35.3,0,17.6,0,0,0,6.1,25,21.6,42,19.4,0,33.9,96.4,13/02/2021
20210214,45,30.4,0,21.3,0,1.8,0,5.8,25,14.2,42,25,0,57.6,98.7,14/02/2021
20210215,46,32.4,0,16.5,0,0,0,6,25,25.1,42,16.7,0,34.3,89,15/02/2021
20210216,47,31.9,0,16.6,0,0,0,6.2,25,19.5,42,18,0,38.1,95.3,16/02/2021
20210217,48,31.8,0,18.5,0,0,0,5.4,25,20.7,42,18,0,38.3,84.6,17/02/2021
20210218,49,29.3,0,18.6,0,0,0,4.3,25,16.6,42,18.9,0,46.4,88.2,18/02/2021
20210219,50,30.4,0,20.3,0,5,0,3.4,25,15.9,42,22.7,0,52.3,95.3,19/02/2021
20210220,51,32.4,0,19.8,0,0.2,0,5.6,25,21.5,42,21.6,0,44.4,93.6,20/02/2021
20210221,52,37.8,0,21,0,0,0,6,25,24.9,42,20.6,0,31.4,82.9,21/02/2021
20210222,53,40.4,0,19.6,0,0,0,7.8,25,26.7,42,21.3,0,28.3,93.4,22/02/2021
20210223,54,37.2,0,19.7,0,0.4,0,6.9,25,24,42,25.2,0,39.7,100,23/02/2021
20210224,55,30.8,0,20.1,0,18.8,0,3.6,25,16.1,42,23,0,51.8,97.8,24/02/2021
20210225,56,31.2,0,21.8,0,4.4,0,4.2,25,18.2,42,14.6,0,32.1,55.9,25/02/2021
20210226,57,34.3,0,21.9,0,0.2,0,6.5,25,26.4,42,21.2,0,39.2,80.7,26/02/2021
20210227,58,30.7,0,20.5,0,0,0,3.5,25,12.8,42,24,25,54.3,99.6,27/02/2021
20210228,59,33.9,0,21.3,25,0,0,4.8,25,23.7,42,25.4,25,48,100,28/02/2021
20210301,60,29.3,0,22.4,0,0,0,3.3,25,8.9,42,24.5,25,60.1,90.5,1/03/2021
20210302,61,37.4,0,19.8,0,0,0,5.6,25,22.4,42,25.1,25,39.1,100,2/03/2021
20210303,62,30.1,0,22.7,0,0,0,4.8,25,13.4,42,23.4,25,54.8,84.9,3/03/2021
20210304,63,27.1,0,19.6,0,0.6,0,2.9,25,11.4,42,21.2,25,59.1,93,4/03/2021
20210305,64,34.5,0,14.7,0,0.2,0,5.6,25,23,42,18.7,25,34.2,100,5/03/2021
20210306,65,32.2,0,18.7,0,0,0,5,25,21.3,42,20.2,25,42,93.7,6/03/2021
20210307,66,31.9,0,20.2,0,1.2,0,5,25,19.7,42,20.5,25,43.4,86.6,7/03/2021
20210308,67,31.5,0,20.9,0,0,0,3.9,25,13.8,42,20.8,25,45,84.2,8/03/2021
20210309,68,33.5,0,19.9,0,5.2,0,3.4,25,22.2,42,24.4,25,47.2,100,9/03/2021
20210310,69,32.5,0,19.5,0,0,0,3.5,25,20.5,42,21.7,0,44.4,95.8,10/03/2021
20210311,70,27.7,0,20.3,0,48.6,0,2,25,12.8,42,24,0,64.6,100,11/03/2021
20210312,71,29.8,0,20.2,0,2.4,0,3.1,25,17.8,42,21.7,0,51.7,91.7,12/03/2021
20210313,72,31.9,0,20.7,0,0,0,4.8,25,22.7,42,23.2,0,49.1,95.1,13/03/2021
20210314,73,33.6,0,17.3,0,0,0,5.7,25,24.4,42,22.2,0,42.7,100,14/03/2021
20210315,74,22.8,0,20.7,25,0,0,2.3,25,3.6,42,22.8,0,82.2,93.4,15/03/2021
20210316,75,23.7,0,18.3,0,0,0,2.3,25,6.6,42,17.4,0,59.4,82.8,16/03/2021
20210317,76,21.2,0,17.8,0,0,0,1.2,25,5.9,42,20.4,0,81.1,100,17/03/2021
20210318,77,27.6,0,18.3,0,0,0,2.6,25,16.8,42,21.6,0,58.5,100,18/03/2021
20210319,78,29.2,0,17.7,0,2.4,0,3.7,25,22.5,42,21.2,0,52.3,100,19/03/2021
20210320,79,28.5,0,19.6,0,0,0,3,25,15.8,42,24.6,0,63.2,100,20/03/2021
20210321,80,29.1,0,20.9,0,0,0,2.4,25,16.4,42,25,0,62.1,100,21/03/2021
20210322,81,22.6,0,20.9,0,17.2,0,2.2,25,4.7,42,24.4,0,89,98.8,22/03/2021
20210323,82,26.6,0,20.8,25,40,0,1.7,25,5.6,42,25.5,0,73.2,100,23/03/2021
20210324,83,29.4,0,21.4,0,16.6,0,4.7,25,20.3,42,26,0,63.4,100,24/03/2021
20210325,84,30.1,0,14.7,0,0,0,5.6,25,22.6,42,17.3,0,40.5,100,25/03/2021
20210326,85,29.4,0,16.5,0,0,0,4.4,25,22.5,42,16,0,39,85.3,26/03/2021
20210327,86,31,0,17.3,0,0,0,4.8,25,22.2,42,21.3,0,47.4,100,27/03/2021
20210328,87,30.6,0,15.2,0,0,0,4,25,21.3,42,15.9,0,36.2,92.1,28/03/2021
20210329,88,29.8,0,17.1,0,0,0,3.9,25,19.5,42,20.9,0,49.8,100,29/03/2021
20210330,89,27.3,0,18.4,0,0,0,4.2,25,17.8,42,17.4,0,48,82.3,30/03/2021
20210331,90,26.4,0,14.5,0,0,0,4.6,25,21.5,42,15.3,0,44.5,92.7,31/03/2021
20210401,91,25.4,0,13.8,0,0,0,3,25,16,42,15.7,0,48.4,99.6,1/04/2021
20210402,92,27.2,0,14.1,0,0,0,4.4,25,17.5,42,16.7,0,46.3,100,2/04/2021
20210403,93,23.7,0,17.4,0,0,0,1.8,25,11.8,42,15.6,0,53.3,78.5,3/04/2021
20210404,94,22.5,0,18.3,0,0,0,1,25,3.8,42,19.6,0,71.9,93.2,4/04/2021
20210405,95,25,0,19.1,0,8,0,1.1,25,8.6,42,20.1,0,63.5,91,5/04/2021
20210406,96,24.5,0,20.2,0,19.2,0,1.5,25,6.1,42,22.7,0,73.9,95.9,6/04/2021
20210407,97,27.7,0,18.6,0,31.4,0,2.8,25,17.9,42,21.7,0,58.4,100,7/04/2021
20210408,98,28.9,0,16,0,0.2,0,3.5,25,19.1,42,21.3,0,53.5,100,8/04/2021
20210409,99,30.2,0,15.7,0,0,0,4.7,25,20.1,42,20.1,0,46.8,100,9/04/2021
20210410,100,32.3,0,14,0,0,0,5.3,25,20,42,16.8,0,34.7,100,10/04/2021
20210411,101,28,0,16.6,0,0,0,5.2,25,17.4,42,14,0,37,74.2,11/04/2021
20210412,102,24.4,0,10.4,0,0,0,3.8,25,19.7,42,7.9,0,25.9,62.7,12/04/2021
20210413,103,24.8,0,11.5,0,0,0,3.8,25,19.4,42,13.8,0,44.1,100,13/04/2021
20210414,104,26.5,0,9.4,0,0,0,3.6,25,19.4,42,14.7,0,42.5,100,14/04/2021
20210415,105,28.6,0,10.6,0,0,0,4,25,19.3,42,15.6,0,39.9,100,15/04/2021
20210416,106,30.4,0,12.6,0,0,0,4,25,18.9,42,16.2,0,37.3,100,16/04/2021
20210417,107,24.3,0,17.9,0,0,0,2.4,25,8.7,42,16.7,0,55,81.5,17/04/2021
20210418,108,25.9,0,11.6,0,2.4,0,2.9,25,18.2,42,16.3,0,48.8,100,18/04/2021
20210419,109,25.7,0,11,0,0,0,3.9,25,18.7,42,14.5,0,43.9,100,19/04/2021
20210420,110,28,0,9.8,0,0,0,4.1,25,18.5,42,14.4,0,38.1,100,20/04/2021
20210421,111,30,0,9.8,0,0,0,4.6,25,18.4,42,14.7,0,34.6,100,21/04/2021
20210422,112,22.7,0,6.6,0,0,0,2.7,25,9.5,42,11.4,0,41.3,100,22/04/2021
20210423,113,25,0,8.7,0,0,0,3.5,25,18.1,42,7.9,0,24.9,70.3,23/04/2021
20210424,114,25,0,6.1,0,0,0,3.5,25,18,42,11.2,0,35.4,100,24/04/2021
20210425,115,26.4,0,8.9,0,0,0,3.1,25,17.8,42,14.6,0,42.4,100,25/04/2021
20210426,116,25.9,0,10.7,0,0,0,3.4,25,17.1,42,15.9,0,47.6,100,26/04/2021
20210427,117,25.4,0,11.1,0,0,0,2.8,25,17,42,14.7,0,45.3,100,27/04/2021
20210428,118,25.4,0,11.2,0,0,0,2.9,25,16.2,42,13.8,0,42.6,100,28/04/2021
20210429,119,24.7,0,11.2,0,0,0,2.5,25,15,42,15.3,0,49.2,100,29/04/2021
20210430,120,24.7,0,12.1,0,0,0,2.5,25,11.9,42,16.1,0,51.8,100,30/04/2021
20210501,121,23.4,0,12.5,0,10,0,2.2,25,10.8,42,18.9,0,65.7,100,1/05/2021
20210502,122,23.3,0,14.8,0,2.8,0,2.6,25,10,42,18,0,62.9,100,2/05/2021
20210503,123,25.8,0,12.1,0,0.4,0,2.4,25,15.1,42,16.5,0,49.7,100,3/05/2021
20210504,124,26.1,0,11.2,0,0,0,2.9,25,16.4,42,18.9,0,55.9,100,4/05/2021
20210505,125,19.4,0,12.6,0,7.6,0,1.9,25,6.9,42,16.3,0,72.4,100,5/05/2021
20210506,126,21.9,0,11.2,0,5.2,0,2.3,25,15.1,42,14.5,0,55.2,100,6/05/2021
20210507,127,24.8,0,10.9,0,0,0,2.5,25,13.1,42,15.1,0,48.3,100,7/05/2021
20210508,128,27.5,0,12.8,0,0,0,2.7,25,14,42,18.2,0,49.6,100,8/05/2021
20210509,129,26.1,0,13.8,0,0,0,2.1,25,12.3,42,17.3,0,51.2,100,9/05/2021
20210510,130,28.6,0,12.8,0,4.4,0,2.9,25,15.7,42,18.4,0,47,100,10/05/2021
20210511,131,26.2,0,15.3,0,18.2,0,4,25,15.9,42,18.9,0,55.6,100,11/05/2021
20210512,132,23.4,0,16,0,32.8,0,2.3,25,8.2,42,19.3,0,67.1,100,12/05/2021
20210513,133,22.8,0,14.3,0,8.4,0,3.9,25,15.7,42,16.4,25,59.1,100,13/05/2021
20210514,134,23.4,0,11.3,0,0,0,3.5,25,15.6,42,12.6,25,43.8,94.2,14/05/2021
20210515,135,23.1,25,9.5,0,0,0,4.2,25,15.5,42,12.4,25,43.9,100,15/05/2021
20210516,136,20.8,0,8.7,0,0,0,2.7,25,15.4,42,8.3,25,33.8,73.8,16/05/2021
20210517,137,22.4,25,4.1,0,0,0,2.6,25,15.3,42,9.5,25,35.1,100,17/05/2021
20210518,138,22.7,0,5.6,0,0,0,2.3,25,14.8,42,12,25,43.5,100,18/05/2021
20210519,139,22.7,0,9.3,0,0,0,2.1,25,11.4,42,14.5,25,52.6,100,19/05/2021
20210520,140,23.8,0,9.1,0,0,0,2.3,25,14.2,42,14.9,25,50.6,100,20/05/2021
20210521,141,22.8,0,8.9,0,0,0,2.3,25,13.9,42,14.2,25,51.2,100,21/05/2021
20210522,142,22.9,0,8.6,0,0,0,2.2,25,13.3,42,14.2,25,50.9,100,22/05/2021
20210523,143,23.4,0,8.6,0,0.2,0,2.4,25,14.7,42,15.2,25,52.8,100,23/05/2021
20210524,144,23.1,0,8.8,0,0,0,2.4,25,14.2,42,15.2,25,53.8,100,24/05/2021
20210525,145,25.6,0,8.4,0,0,0,1.6,25,14.1,42,14.8,25,45.1,100,25/05/2021
20210526,146,26.1,0,8.3,0,0,0,2.9,25,14.5,42,14.1,0,41.7,100,26/05/2021
20210527,147,24,0,11.6,0,0,0,2.5,25,14,42,13.4,0,44.9,98.2,27/05/2021
20210528,148,22.2,0,5.9,0,0,0,2.5,25,14.5,42,8.5,0,31.8,91.6,28/05/2021
20210529,149,21,0,4.5,0,0,0,1.7,25,14,42,9.5,0,38.2,100,29/05/2021
20210530,150,21.9,0,6.3,0,0,0,2.2,25,14.3,42,10.7,0,40.7,100,30/05/2021
20210531,151,22.4,0,5.3,0,0,0,2,25,14.1,42,11.1,0,41,100,31/05/2021
20210601,152,22.8,0,7.1,0,0,0,2,25,14.2,42,12.4,0,44.7,100,1/06/2021
20210602,153,23.4,0,8.9,0,0,0,1.3,25,10.8,42,14.4,0,50.1,100,2/06/2021
20210603,154,16.8,0,11.2,0,0,0,0.9,25,5.5,42,15.1,0,79,100,3/06/2021
20210604,155,20.4,0,10.3,0,7.2,0,3.1,25,13.7,42,13.8,0,57.6,100,4/06/2021
20210605,156,22.1,0,10.5,0,0,0,2.2,25,14.1,42,11.3,0,42.5,89.1,5/06/2021
20210606,157,21.8,0,5.5,0,0,0,2.5,25,14,42,10.3,0,39.5,100,6/06/2021
20210607,158,21.5,0,4.8,0,0,0,2,25,14,42,10.8,0,42.1,100,7/06/2021
20210608,159,22.7,0,6.2,0,0,0,1.5,25,11.7,42,12.4,0,45,100,8/06/2021
20210609,160,16.9,0,11.3,0,5.2,0,3.3,25,12.5,42,12.2,0,63.4,91.2,9/06/2021
20210610,161,19,0,0.7,0,0.2,0,3.1,25,13.9,42,8.2,0,37.3,100,10/06/2021
20210611,162,19.5,0,2.9,0,0,0,2.3,25,13.2,42,8.5,0,37.5,100,11/06/2021
20210612,163,22.3,0,4.8,0,0,0,2.4,25,13.6,42,10.9,0,40.5,100,12/06/2021
20210613,164,22.3,0,3.1,0,0,0,2,25,13.7,42,11.9,0,44.2,100,13/06/2021
20210614,165,23.2,0,3.6,0,0,0,2,25,13.8,42,9.9,0,34.8,100,14/06/2021
20210615,166,20.8,0,7.8,0,11.4,0,1.9,25,10.3,42,14.4,0,58.6,100,15/06/2021
20210616,167,22.6,0,5.1,0,1.4,0,1.7,25,13.3,42,12.6,0,46,100,16/06/2021
20210617,168,22.8,0,10.9,0,0,0,4.2,25,13.8,42,14.5,0,52.3,100,17/06/2021
20210618,169,20.6,0,5.9,0,0,0,3.9,25,13.5,42,9.7,0,40,100,18/06/2021
20210619,170,18.5,0,8.9,0,0,0,3.1,25,13.8,42,9.4,0,44.2,82.5,19/06/2021
20210620,171,22.5,0,8.8,0,0,0,1.5,25,13.5,42,10.4,0,38.2,91.9,20/06/2021
20210621,172,22.4,0,6,0,0,0,2,25,13.8,42,11.3,0,41.7,100,21/06/2021
20210622,173,21.9,0,5.6,0,0,0,2,25,12.8,42,11.2,0,42.6,100,22/06/2021
20210623,174,21.5,0,7.4,0,0,0,1.7,25,11.2,42,13.9,0,54.2,100,23/06/2021
20210624,175,20.6,0,10.2,0,0,0,1.5,25,7.9,42,15,0,61.8,100,24/06/2021
20210625,176,18.8,0,14.1,0,0.8,0,0.8,25,5.2,42,17.3,0,79.8,100,25/06/2021
20210626,177,18.2,0,14,0,0,0,1.8,25,6.8,42,13.5,0,64.6,84.5,26/06/2021
20210627,178,21.7,0,3.8,0,0,0,2.7,25,13.8,42,9.3,0,35.8,100,27/06/2021
20210628,179,21.3,0,4.1,0,0,0,1.9,25,13.7,42,10.4,0,41.1,100,28/06/2021
20210629,180,21.6,0,5.4,0,0,0,1.1,25,12.1,42,11.1,0,43,100,29/06/2021
20210630,181,21.5,0,7.9,0,0,0,1.3,25,9,42,13.9,0,54.2,100,30/06/2021
20210701,182,21.6,0,8.2,0,1.4,0,1.6,25,10.3,42,15.3,0,59.3,100,1/07/2021
20210702,183,20.4,0,14.9,0,13.2,0,1.4,25,8.3,42,17.7,0,73.9,100,2/07/2021
20210703,184,17.5,0,15.4,0,36,0,0.5,25,4.6,42,18.2,0,91.1,100,3/07/2021
20210704,185,22.3,0,12.2,0,1.4,0,2.6,25,13.8,42,13.8,0,51.3,97.2,4/07/2021
20210705,186,18,0,5.8,0,0,0,2.3,25,13.4,42,8.4,0,40.7,91.1,5/07/2021
20210706,187,19.5,0,5.6,0,0,0,1.9,25,13.1,42,9.2,0,40.6,100,6/07/2021
20210707,188,20.8,0,4.8,0,0,0,1.7,25,14,42,11.2,0,45.6,100,7/07/2021
20210708,189,17.6,0,5.4,0,0.2,0,1.5,25,8.8,42,10.8,0,53.7,100,8/07/2021
20210709,190,22.2,0,8.6,0,9.4,0,1.7,25,8.9,42,15.2,0,56.8,100,9/07/2021
20210710,191,18,0,7.6,0,0.6,0,2.2,25,14.4,42,10.8,0,52.4,100,10/07/2021
20210711,192,20.9,0,7.6,0,0,0,1.9,25,14.3,42,10.9,0,44.1,100,11/07/2021
20210712,193,20.7,0,5.2,0,0,0,1.5,25,13.4,42,11.1,0,45.5,100,12/07/2021
20210713,194,21.9,0,5.6,0,0,0,1.6,25,14.3,42,13.2,0,50.3,100,13/07/2021
20210714,195,22.4,0,8.9,0,0,0,2.2,25,10.9,42,13.1,0,48.4,100,14/07/2021
20210715,196,23.6,0,12.6,0,0.6,0,2.2,25,9,42,16.8,0,57.7,100,15/07/2021
20210716,197,23.1,0,11.9,0,0,0,3,25,6.4,42,17.8,0,63,100,16/07/2021
20210717,198,20.4,0,8.5,0,1.2,0,5,25,14.8,42,8.1,0,33.8,73,17/07/2021
20210718,199,19.1,0,9.2,0,0,0,3.4,25,14.8,42,7.8,0,35.3,67.1,18/07/2021
20210719,200,20.6,0,3.2,0,0,0,2.7,25,14.9,42,9.7,0,40,100,19/07/2021
20210720,201,18.8,0,4.9,0,0,0,3.6,25,15,42,9.3,0,42.9,100,20/07/2021
20210721,202,15.5,0,3.5,0,0,0,2.7,25,13.4,42,7.7,0,43.8,98.1,21/07/2021
20210722,203,19.1,0,1.4,0,0,0,1.8,25,15.2,42,7.9,0,35.7,100,22/07/2021
20210723,204,16.8,0,4.6,0,0,0,1.3,25,6.4,42,11.2,0,58.6,100,23/07/2021
20210724,205,19.9,0,10.2,0,18.6,0,3.6,25,14.9,42,16.7,0,71.9,100,24/07/2021
20210725,206,19.3,0,6.3,0,0,0,4.3,25,15.4,42,8.8,0,39.3,92.2,25/07/2021
20210726,207,21.6,0,4.8,0,0,0,2.7,25,15.2,42,7.7,0,29.9,89.6,26/07/2021
20210727,208,22.7,0,2.5,0,0,0,2.4,25,15.6,42,9.5,0,34.4,100,27/07/2021
20210728,209,24.5,0,3.8,0,0,0,2.7,25,15.6,42,12.1,0,39.4,100,28/07/2021
20210729,210,23.4,0,10.4,0,0,0,4.1,25,15.3,42,14.1,0,49,100,29/07/2021
20210730,211,21.6,0,2.8,0,0,0,2.6,25,15.8,42,9.2,0,35.7,100,30/07/2021
20210731,212,23,0,3.8,0,0,0,2.1,25,15.9,42,11,0,39.2,100,31/07/2021
20210801,213,26.3,0,5.4,0,0,0,3.8,25,16,42,13.9,0,40.6,100,1/08/2021
20210802,214,26.3,0,9.8,0,0,0,2.8,25,15.8,42,16.7,0,48.8,100,2/08/2021
20210803,215,22.2,0,16.3,0,0,0,2.9,25,6.6,42,18.9,0,70.6,100,3/08/2021
20210804,216,18.4,0,9,0,0.2,0,4.3,25,16.4,42,9.5,0,44.9,82.8,4/08/2021
20210805,217,19.5,0,7.3,0,0,0,3.4,25,16.5,42,8.8,0,38.8,86.1,5/08/2021
20210806,218,22.1,0,6.7,0,0,0,2.5,25,16.6,42,10.2,0,38.4,100,6/08/2021
20210807,219,23.6,0,3,0,0,0,3,25,16.6,42,9.4,0,32.3,100,7/08/2021
20210808,220,23.3,0,1.5,0,0,0,2.8,25,15.3,42,10,0,35,100,8/08/2021
20210809,221,20.3,0,9,0,0,0,2.1,25,11.7,42,14.3,0,60.1,100,9/08/2021
20210810,222,22.7,0,8.4,0,0,0,2.5,25,13.2,42,13,0,47.1,100,10/08/2021
20210811,223,22.9,0,7.3,0,0,0,2.6,25,16.3,42,13.1,0,46.9,100,11/08/2021
20210812,224,25.4,0,5.9,0,0,0,3,25,17.2,42,15.3,0,47.2,100,12/08/2021
20210813,225,25.2,0,11.5,0,0.2,0,2.7,25,14.9,42,16.3,0,50.9,100,13/08/2021
20210814,226,25.1,0,9.5,0,0,0,2.2,25,17.1,42,16,0,50.2,100,14/08/2021
20210815,227,26.6,0,10,0,0,0,2.8,25,16.6,42,16,0,46,100,15/08/2021
20210816,228,26.5,0,9.3,0,0,0,3.8,25,15.7,42,14.3,0,41.3,100,16/08/2021
20210817,229,24.7,0,9,0,0,0,3.3,25,17.9,42,8.5,0,27.3,74.1,17/08/2021
20210818,230,20.6,0,7.7,0,0,0,3,25,13.5,42,11.2,0,46.2,100,18/08/2021
20210819,231,23.2,0,6.2,0,0,0,2.8,25,17.6,42,13.5,0,47.5,100,19/08/2021
20210820,232,25.4,0,8.9,0,0,0,2.7,25,17.5,42,13.8,0,42.6,100,20/08/2021
20210821,233,27.6,0,8,0,0,0,3.2,25,18.3,42,14,0,37.9,100,21/08/2021
20210822,234,27.1,0,8.4,0,0,0,4.1,25,18.4,42,13.8,0,38.5,100,22/08/2021
20210823,235,26.6,0,7.4,0,0,0,3.4,25,18.5,42,15,0,43.1,100,23/08/2021
20210824,236,19.4,0,12.5,0,4.6,0,4.5,25,17,42,11.6,0,51.5,80.1,24/08/2021
20210825,237,20.3,0,7,0,0,0,4.6,25,18.9,42,8.9,0,37.4,88.9,25/08/2021
20210826,238,21.6,0,3.6,0,0,0,3.7,25,19,42,7.8,0,30.2,98.7,26/08/2021
20210827,239,22.9,0,2.7,0,0,0,3.8,25,19.1,42,8.1,0,29,100,27/08/2021
20210828,240,25.7,0,1.9,0,0,0,3.9,25,19.1,42,8.6,0,26,100,28/08/2021
20210829,241,26.2,0,4,0,0,0,4,25,18.4,42,8.4,0,24.7,100,29/08/2021
20210830,242,27.9,0,6.5,0,0,0,4.1,25,19.3,42,8.3,0,22.1,85.8,30/08/2021
20210831,243,27.4,0,9.9,0,0,0,3.2,25,17.9,42,12.1,0,33.2,99.3,31/08/2021
20210901,244,27.4,0,10.2,0,1.8,0,3.3,25,17.3,42,17.6,0,48.2,100,1/09/2021
20210902,245,25,0,14.7,0,1.6,0,4.5,25,15.4,42,19.1,0,60.3,100,2/09/2021
20210903,246,24.3,0,10.2,0,0.2,0,3.6,25,14.9,42,17.5,0,57.6,100,3/09/2021
20210904,247,25.8,0,10.5,0,0.2,0,3.2,25,18.6,42,16.4,0,49.4,100,4/09/2021
20210905,248,22.8,0,10.9,0,0,0,2.9,25,9.8,42,16.2,0,58.4,100,5/09/2021
20210906,249,23.8,0,9.4,0,0,0,4.1,25,19.7,42,8.8,0,29.9,74.7,6/09/2021
20210907,250,24.9,0,5.3,0,0,0,4,25,20.6,42,10.7,0,34,100,7/09/2021
20210908,251,24.6,0,2.4,0,0,0,4,25,20.6,42,8,0,25.9,100,8/09/2021
20210909,252,25.4,0,7.2,0,0,0,3.6,25,20.7,42,14.1,0,43.5,100,9/09/2021
20210910,253,30.2,0,7,0,0,0,4.7,25,20.8,42,13.3,0,31,100,10/09/2021
20210911,254,29.9,0,7.6,0,0,0,5.1,25,21,42,12,0,28.4,100,11/09/2021
20210912,255,29.5,0,6,0,0,0,5.7,25,21.1,42,14.4,0,34.9,100,12/09/2021
20210913,256,32,0,10.9,0,0,0,6.1,25,17.1,42,16.5,0,34.7,100,13/09/2021
20210914,257,22,0,10.3,0,0,0,5.5,25,21.4,42,5.5,0,20.8,43.9,14/09/2021
20210915,258,25.6,0,6.3,0,0,0,4.8,25,21.6,42,8.2,0,25,85.9,15/09/2021
20210916,259,24.4,0,5.9,0,0,0,3.9,25,21.7,42,10.6,0,34.7,100,16/09/2021
20210917,260,25.2,0,8.1,0,0,0,4.3,25,21.6,42,13,0,40.6,100,17/09/2021
20210918,261,28.7,0,7,0,0,0,4.7,25,21.3,42,14.8,0,37.6,100,18/09/2021
20210919,262,30.8,0,11.4,0,0,0,5.6,25,22.1,42,16.5,0,37.1,100,19/09/2021
20210920,263,32.6,0,10.4,0,0,0,5.3,25,19.3,42,17.4,0,35.4,100,20/09/2021
20210921,264,21.4,0,14.6,0,4,0,7.3,25,20.5,42,10.2,0,40,61.4,21/09/2021
20210922,265,23.6,0,7.6,0,0,0,4.6,25,22.7,42,6.8,0,23.4,65.2,22/09/2021
20210923,266,26,0,4.2,0,0,0,4.7,25,22.9,42,9.9,0,29.5,100,23/09/2021
20210924,267,30.2,0,6,0,0,0,5.5,25,22.9,42,13.7,0,31.9,100,24/09/2021
20210925,268,33.3,0,7.9,0,0,0,5.6,25,22.5,42,13,0,25.4,100,25/09/2021
20210926,269,27.4,0,11.8,0,0,0,5.1,25,19.5,42,15,0,41.1,100,26/09/2021
20210927,270,20.4,0,13.9,0,3.4,0,3.3,25,7.8,42,14,0,58.4,88.2,27/09/2021
20210928,271,21.5,0,13.9,0,0,0,2.5,25,9.5,42,12.9,0,50.3,81.3,28/09/2021
20210929,272,22.4,0,12.3,0,0,0,1.8,25,9.3,42,13.8,0,51,96.5,29/09/2021
20210930,273,27,0,14.8,0,1,0,2.6,25,12.8,42,16.7,0,46.8,99.3,30/09/2021
20211001,274,28.8,0,14,0,10.8,0,4.7,25,17.6,42,17.3,0,43.7,100,1/10/2021
20211002,275,28.9,0,8.3,0,0,0,5.4,25,23.4,42,15.3,0,38.4,100,2/10/2021
20211003,276,32,0,10.3,0,0,0,8.2,25,24.7,42,13.8,0,29,100,3/10/2021
20211004,277,36,0,8.5,0,0,0,8.5,25,24.8,42,12.7,0,21.4,100,4/10/2021
20211005,278,30.6,0,12,0,0,0,7.2,25,24.9,42,7.6,0,17.3,54.2,5/10/2021
20211006,279,29.9,0,10.9,0,0,0,5.5,25,25.1,42,8.1,0,19.2,62.2,6/10/2021
20211007,280,29.6,0,7.5,0,0,0,5.5,25,21.3,42,14.5,0,35,100,7/10/2021
20211008,281,32.1,0,11.7,0,0.2,0,4.8,25,24.4,42,13.5,0,28.2,98.2,8/10/2021
20211009,282,31.9,0,17.4,0,0,0,5.8,25,24.9,42,18.3,0,38.7,92.1,9/10/2021
20211010,283,33.1,0,17.1,0,0,0,7.4,25,25.2,42,16.8,0,33.2,86.2,10/10/2021
20211011,284,31.9,0,16.3,0,0,0,4.2,25,17.7,42,16.5,0,34.9,89.1,11/10/2021
20211012,285,23.6,0,16.6,0,35.6,0,1.9,25,12.6,42,17.4,0,59.8,92.2,12/10/2021
20211013,286,26.6,0,17.1,0,1.2,0,3.7,25,15.5,42,19.1,0,54.9,98,13/10/2021
20211014,287,24.3,0,18.3,0,19.2,0,2.9,25,8.4,42,19.6,0,64.5,93.2,14/10/2021
20211015,288,29.5,0,18.9,0,12,0,8.2,25,24.8,42,18.4,0,44.6,84.3,15/10/2021
20211016,289,27.6,0,10.9,0,0,0,7.3,25,26.7,42,10,0,27.1,76.7,16/10/2021
20211017,290,30.1,0,7.5,0,0,0,6.1,25,26.7,42,10.7,0,25.1,100,17/10/2021
20211018,291,26.5,0,14.8,0,0,0,3.5,25,14.4,42,17.7,0,51.1,100,18/10/2021
20211019,292,28.6,0,11.1,0,33,0,4.3,25,26.9,42,17.6,0,45,100,19/10/2021
20211020,293,29.9,0,13.4,0,0,0,5,25,26.6,42,18.7,0,44.3,100,20/10/2021
20211021,294,28.8,0,15.9,0,0,0,3.9,25,18.9,42,18.5,0,46.7,100,21/10/2021
20211022,295,29.8,0,17,0,0.2,0,3.6,25,20.2,42,21.7,0,51.7,100,22/10/2021
20211023,296,33.1,0,18.7,0,0,0,6,25,23.3,42,23.5,0,46.5,100,23/10/2021
20211024,297,33.6,0,18.9,0,2,0,6.9,25,23.2,42,17.2,0,33.1,78.8,24/10/2021
20211025,298,26,0,17.1,0,0,0,2.7,25,10.3,42,21.8,0,64.9,100,25/10/2021
20211026,299,30.1,0,16.5,0,2,0,4.9,25,23.7,42,21.3,0,49.9,100,26/10/2021
20211027,300,31.1,0,19.3,0,2.4,0,5,25,24.9,42,22.1,0,48.9,98.8,27/10/2021
20211028,301,34.8,0,18.4,0,0,0,5.9,25,26.9,42,21.4,0,38.5,100,28/10/2021
20211029,302,27.8,0,21,25,9.8,25,3.5,25,10.5,42,24.1,0,64.5,96.9,29/10/2021
20211030,303,33.9,0,18.5,0,0.2,0,5.9,25,27.7,42,23.4,0,44.2,100,30/10/2021
20211031,304,25.3,0,16.7,0,0.8,0,6,25,25.5,42,18.1,0,56.1,95.3,31/10/2021
20211101,305,23.4,0,10.9,0,0,0,4.1,25,14.1,42,13.8,0,48,100,1/11/2021
20211102,306,25.7,0,14.1,0,0,0,4.4,25,17.1,42,17.6,0,53.3,100,2/11/2021
20211103,307,25.8,0,14.4,0,0,0,4.4,25,21.3,42,15.7,0,47.3,95.8,3/11/2021
20211104,308,27.5,0,10.8,0,0,0,5,25,24.7,42,15.5,0,42.2,100,4/11/2021
20211105,309,26.1,0,16.9,0,0,0,3.8,25,17.3,42,16.7,0,49.4,86.8,5/11/2021
20211106,310,26.6,0,17.1,0,0,0,3.6,25,15.2,42,17.8,0,51.1,91.3,6/11/2021
20211107,311,29.2,0,16.7,0,0,0,5.4,25,17.4,42,19.9,0,49.1,100,7/11/2021
20211108,312,30.8,0,19.5,0,30.6,0,3.8,25,18.9,42,22.8,0,51.3,100,8/11/2021
20211109,313,31,0,17.3,0,0.4,0,4.8,25,22.7,42,25,0,55.6,100,9/11/2021
20211110,314,32,0,20.5,0,0,0,3.6,25,17.2,42,25.3,0,53.2,100,10/11/2021
20211111,315,30,0,21.4,0,1.4,0,4.2,25,9.2,42,26.6,0,62.7,100,11/11/2021
20211112,316,31.8,0,22,0,28.6,0,7.2,25,15.7,42,23.8,0,50.6,90.1,12/11/2021
20211113,317,26.8,0,14.5,0,3.2,0,8.3,25,29.6,42,11,0,31.2,66.7,13/11/2021
20211114,318,28.6,0,9.2,0,0,0,6.9,25,29.8,42,9.9,0,25.3,85.1,14/11/2021
20211115,319,30.8,0,8.6,0,0,0,7.5,25,29.8,42,10.2,0,23,91.3,15/11/2021
20211116,320,30.5,0,11.1,0,0,0,6.7,25,26.2,42,10.2,0,23.4,77.2,16/11/2021
20211117,321,28.1,0,14.2,0,0,0,4.3,25,18.8,42,17.8,0,46.8,100,17/11/2021
20211118,322,27,0,17.9,0,0,0,3.8,25,21.1,42,19.1,0,53.6,93.2,18/11/2021
20211119,323,30.1,0,12.7,0,1.2,0,5.4,25,29.9,42,19.7,0,46.2,100,19/11/2021
20211120,324,33.3,0,15.5,0,0,0,5,25,25,42,20.9,0,40.9,100,20/11/2021
20211121,325,26.1,0,20.2,0,10,0,3.3,25,11,42,23.1,0,68.3,97.6,21/11/2021
20211122,326,25,0,17.5,0,23.4,0,4.6,25,19.8,42,19.3,0,60.9,96.6,22/11/2021
20211123,327,26.9,0,17.6,0,36.4,0,2.8,25,14.6,42,22.4,0,63.2,100,23/11/2021
20211124,328,29,0,18.6,0,3.2,0,3.3,25,19.3,42,24.7,0,61.7,100,24/11/2021
20211125,329,25.6,0,19.8,0,5,0,1.4,25,9,42,25,0,76.2,100,25/11/2021
20211126,330,28.2,0,21.7,25,6,0,4,25,19.2,42,27.9,0,73,100,26/11/2021
20211127,331,26.9,0,19.5,0,61.2,0,4.3,25,13.9,42,25.6,0,72.2,100,27/11/2021
20211128,332,25.9,0,19.1,0,8,0,2.9,25,16.1,42,19.5,0,58.4,88.2,28/11/2021
20211129,333,27.3,0,19.4,0,0,0,3.8,25,17.3,42,21,0,57.9,93.3,29/11/2021
20211130,334,23.2,0,19.9,0,6.6,0,2,25,4.2,42,23.1,0,81.3,99.5,30/11/2021
20211201,335,25.7,0,19.1,0,89.4,0,4.4,25,14.7,42,24.7,0,74.8,100,1/12/2021
20211202,336,30.8,0,20.9,0,10.2,0,4.3,25,25.5,42,23.5,0,52.9,95.1,2/12/2021
20211203,337,31.9,0,19.2,0,0,0,6.2,25,31,42,22.5,0,47.6,100,3/12/2021
20211204,338,32.3,0,19.4,0,0,0,6.8,25,29.3,42,22.7,0,46.9,100,4/12/2021
20211205,339,28.4,0,17.8,0,0,0,5.7,25,21.7,42,19.5,0,50.4,95.7,5/12/2021
20211206,340,28.8,0,16.6,0,0,0,4.3,25,21.8,42,20.9,0,52.8,100,6/12/2021
20211207,341,30.4,0,18.6,0,0,0,4.4,25,24.5,42,21.8,0,50.2,100,7/12/2021
20211208,342,28.7,0,21.3,0,0,0,4.3,25,14,42,23.7,0,60.2,93.6,8/12/2021
20211209,343,31.8,0,17.3,0,22.8,0,6.4,25,27.9,42,20.4,0,43.4,100,9/12/2021
20211210,344,29.9,0,19.4,0,10.6,0,6.9,25,29.7,42,23.2,0,55,100,10/12/2021
20211211,345,30.1,0,12.2,0,0,0,7,25,31.3,42,13.8,0,32.3,97.2,11/12/2021
20211212,346,29.8,0,17.9,0,0,0,6,25,27.8,42,19.3,0,46,94.2,12/12/2021
20211213,347,29.9,0,17.6,0,0,0,6,25,29.6,42,18.7,0,44.3,93,13/12/2021
20211214,348,30.6,0,18.9,0,0,0,7.5,25,31.2,42,18.9,0,43,86.6,14/12/2021
20211215,349,30.8,0,15.3,0,0,0,5.9,25,31.4,42,16.4,0,36.9,94.4,15/12/2021
20211216,350,32.7,0,16.7,0,0,0,5.2,25,26.6,42,21.6,0,43.7,100,16/12/2021
20211217,351,31.4,0,18.5,0,0,0,5.8,25,25.2,42,21.7,0,47.2,100,17/12/2021
20211218,352,31.2,0,19.4,0,0,0,6.8,25,27.2,42,21.2,0,46.7,94.2,18/12/2021
20211219,353,32,0,18.7,0,0,0,7.9,25,31.1,42,20,0,42.1,92.8,19/12/2021
20211220,354,34.4,0,17.3,0,0,0,5.8,25,30.3,42,22.7,0,41.7,100,20/12/2021
20211221,355,34,0,20.5,0,0,0,6.9,25,28.1,42,25.3,0,47.6,100,21/12/2021
20211222,356,34.3,0,18.7,0,0,0,6.9,25,31,42,22.7,0,42,100,22/12/2021
20211223,357,32.9,0,19.8,0,0.2,0,5.8,25,27.3,42,23.7,0,47.4,100,23/12/2021
20211224,358,32.9,0,20.5,25,0,0,4.4,25,22.1,42,24.4,0,48.8,100,24/12/2021
20211225,359,31.9,0,20.6,0,0,0,5,25,21.2,42,22.2,0,47,91.5,25/12/2021
20211226,360,29.1,0,20.3,0,4.2,0,5,25,18.7,42,24,0,59.6,100,26/12/2021
20211227,361,31.9,0,18.2,0,0,0,6,25,22.7,42,24.1,0,51,100,27/12/2021
20211228,362,24.8,0,20.2,0,0,0,3.7,25,12.1,42,15.9,0,50.8,67.2,28/12/2021
20211229,363,28.2,0,16.8,0,0,0,4.5,25,22,42,16.2,0,42.4,84.7,29/12/2021
20211230,364,29.3,0,13.9,0,0.2,0,5.1,25,22.7,42,16.1,0,39.5,100,30/12/2021
20211231,365,26.7,0,14,0,0.2,0,3.8,25,11.4,42,20.3,0,58,100,31/12/2021
20220101,1,26,0,19.5,0,6.2,0,2.5,25,5.4,42,21.8,0,64.9,96.2,1/01/2022
20220102,2,30,0,16.6,0,11.8,0,6.6,25,27.6,42,21.7,0,51.1,100,2/01/2022
20220103,3,31.6,0,15.5,0,0.8,0,6.7,25,30.4,42,19.3,0,41.5,100,3/01/2022
20220104,4,32.4,0,17.8,0,0,0,6,25,25.3,42,20.8,0,42.8,100,4/01/2022
20220105,5,30.4,0,18.6,0,0,0,4.1,25,19,42,23.8,0,54.8,100,5/01/2022
20220106,6,31.3,0,21.2,0,10.2,0,4,25,22.1,42,27.4,0,60,100,6/01/2022
20220107,7,28.6,0,22.9,0,0,0,2.1,25,11.5,42,28.4,0,72.6,100,7/01/2022
20220108,8,28,0,22.4,0,4.6,0,2.2,25,10.1,42,26.6,0,70.4,98.2,8/01/2022
20220109,9,30.7,0,22.2,0,0.4,0,4,25,17.7,42,27.6,0,62.5,100,9/01/2022
20220110,10,31.5,0,20.8,0,0,0,4.8,25,23,42,23.5,0,50.8,95.7,10/01/2022
20220111,11,31.1,0,19.8,0,0,0,5.1,25,24.9,42,23.8,0,52.7,100,11/01/2022
20220112,12,31.1,0,16.3,0,0,0,5.5,25,26,42,20.1,0,44.5,100,12/01/2022
20220113,13,31.7,0,15.7,0,0,0,5.7,25,26.9,42,20.3,0,43.4,100,13/01/2022
20220114,14,32.2,0,15.2,0,0,0,7.3,25,27.5,42,20,0,41.6,100,14/01/2022
20220115,15,33.1,0,16.8,0,0,0,6.2,25,28.3,42,22,0,43.5,100,15/01/2022
20220116,16,33.6,0,18.7,0,14.8,0,4.7,25,30.3,42,23.2,0,44.6,100,16/01/2022
20220117,17,33.7,0,21.9,0,0,0,4.3,25,26,42,25.8,0,49.3,98.2,17/01/2022
20220118,18,33,0,22.5,0,0,0,5.6,25,24.8,42,25.5,0,50.7,93.6,18/01/2022
20220119,19,33.3,0,21.7,0,0,0,4.1,25,22.3,42,25,0,48.9,96.3,19/01/2022
20220120,20,27.5,0,20.7,0,25.2,0,2.2,25,13.4,42,24.7,0,67.3,100,20/01/2022
20220121,21,28.5,0,19.2,0,5.4,0,5.4,25,26,42,18.9,0,48.6,85,21/01/2022
20220122,22,27.7,0,15.8,0,0,0,5,25,19.6,42,19.9,0,53.6,100,22/01/2022
20220123,23,29.7,0,16,0,0.8,0,4.8,25,24.5,42,20.5,0,49.2,100,23/01/2022
20220124,24,30.2,0,15.7,0,0,0,5.3,25,26.1,42,20.4,0,47.5,100,24/01/2022
20220125,25,31.1,0,19.4,0,0,0,3.5,25,18.8,42,22.4,0,49.6,99.5,25/01/2022
20220126,26,28.4,0,22.2,0,2.4,0,2.7,25,10.3,42,26.9,0,69.5,100,26/01/2022
20220127,27,27.6,0,20.9,25,5,0,3.3,25,12.4,42,22.7,0,61.5,91.9,27/01/2022
20220128,28,30.1,0,20.3,0,3.2,0,3.7,25,16.4,42,25.8,0,60.5,100,28/01/2022
20220129,29,31.8,0,17.9,0,0.6,0,5,25,24.4,42,24.3,0,51.7,100,29/01/2022
20220130,30,33,0,17,0,0,0,5.1,25,23,42,22.4,0,44.5,100,30/01/2022
20220131,31,34.3,25,18.5,0,0,0,4.8,25,28.3,42,24.1,0,44.6,100,31/01/2022
20220201,32,37.9,0,23,0,0,25,6.6,25,25.7,42,27.3,0,41.4,97.2,1/02/2022
20220202,33,34.4,0,23.9,0,0.4,0,3.7,25,12.8,42,29.1,0,53.5,98.1,2/02/2022
20220203,34,30.7,0,23.8,0,1.6,0,3.1,25,8.2,42,27.6,0,62.5,93.6,3/02/2022
20220204,35,28.2,0,16.4,0,23,0,7.5,25,23.4,42,19.4,0,50.7,100,4/02/2022
20220205,36,27.8,0,14.4,0,0,0,6.9,25,27.6,42,16.1,0,43.1,98.2,5/02/2022
20220206,37,27.4,0,14.9,0,0,0,7,25,21.6,42,16.3,0,44.7,96.3,6/02/2022
20220207,38,28.9,0,13.9,0,0,0,6.1,25,28.3,42,16.1,0,40.4,100,7/02/2022
20220208,39,29.9,0,13.6,0,0,0,5.4,25,26.8,42,16.6,0,39.4,100,8/02/2022
20220209,40,31.4,0,15.1,0,0,0,4.4,25,26.6,42,17.8,0,38.7,100,9/02/2022
20220210,41,33,0,16.3,0,0,0,8.1,25,28.8,42,19.4,0,38.6,100,10/02/2022
20220211,42,32.3,0,14.6,0,0,0,7.5,25,28.4,42,17.1,0,35.4,100,11/02/2022
20220212,43,31.4,0,15,0,0,0,5,25,20.3,42,19,0,41.3,100,12/02/2022
20220213,44,30.8,0,14.8,0,0,0,5.4,25,23.7,42,16.6,0,37.4,98.7,13/02/2022
20220214,45,30.2,0,15.2,0,0,0,5.3,25,17.9,42,19.9,0,46.4,100,14/02/2022
20220215,46,29.8,0,15.3,0,0,0,4.8,25,18.1,42,19.3,0,46,100,15/02/2022
20220216,47,28,0,17.5,0,0,0,4,25,11.5,42,20,0,52.9,100,16/02/2022
20220217,48,33.2,0,15.4,0,0,0,5.8,25,27.6,42,20,0,39.3,100,17/02/2022
20220218,49,35.3,0,16,0,0,0,5.3,25,25.2,42,22.4,0,39.2,100,18/02/2022
20220219,50,34.7,0,16.3,0,1.2,0,6,25,24.5,42,22.5,0,40.7,100,19/02/2022
20220220,51,31.3,0,19.8,0,3.4,0,3.3,25,21.2,42,24.4,0,53.4,100,20/02/2022
20220221,52,33.4,0,17.1,0,0.2,0,4.9,25,22.9,42,23,0,44.7,100,21/02/2022
20220222,53,32.9,0,18.2,0,0,0,5.2,25,18,42,23.4,0,46.8,100,22/02/2022
20220223,54,30.2,0,21,0,46.6,0,2.6,25,16.6,42,25.8,0,60.1,100,23/02/2022
20220224,55,26.8,0,21.6,25,2,0,2.8,25,10.7,42,27.1,0,76.9,100,24/02/2022
20220225,56,23.1,25,21,25,74.4,0,2.7,25,1,42,25.6,0,90.6,100,25/02/2022
20220226,57,23.3,25,19.3,25,112.4,25,4.3,25,2,42,22.9,25,80.1,100,26/02/2022
20220227,58,23.6,25,19.7,25,44.2,25,1.2,25,7.2,42,22.4,25,76.9,97.6,27/02/2022
20220228,59,28.1,25,18.7,25,11.9,25,2.4,25,14.6,42,22.9,25,60.2,100,28/02/2022
20220301,60,31.8,25,19.4,25,3.4,25,5.4,25,26.2,42,24,25,51.1,100,1/03/2022
20220302,61,32.9,25,20.5,25,0,25,4.9,25,24.8,42,24.1,25,48.2,100,2/03/2022
20220303,62,28.1,25,20,25,46.5,25,6.3,25,15.9,42,22.7,25,59.7,97.1,3/03/2022
20220304,63,28.6,25,19.2,25,9.2,25,3.4,25,17.5,42,25.1,25,64.1,100,4/03/2022
20220305,64,31.5,25,18.6,25,2.1,25,4.5,25,25.3,42,23,25,49.8,100,5/03/2022
20220306,65,31.2,25,21.3,25,4.5,25,4.7,25,10,42,27.7,25,61,100,6/03/2022
20220307,66,30.6,25,16.1,25,8.4,25,4.7,25,20,42,20.2,25,46,100,7/03/2022
20220308,67,34,25,19.7,25,0.1,25,5.7,25,25,42,22.5,25,42.3,98.1,8/03/2022
20220309,68,33.7,25,20,25,0.1,25,4.4,25,16.2,42,23.6,25,45.1,100,9/03/2022
20220310,69,27.6,25,21.1,25,0.1,25,3.5,25,9.9,42,21.5,25,58.2,86,10/03/2022
20220311,70,25.8,25,19.5,25,0,25,2,25,7.6,42,22,25,66.2,97.1,11/03/2022
20220312,71,27.3,25,17.7,25,0,25,4.1,25,16.6,42,19.6,25,54,96.8,12/03/2022
20220313,72,28.3,25,15.1,25,0.1,25,4.5,25,23.2,42,19.2,25,49.9,100,13/03/2022
20220314,73,28.4,25,15.6,25,0,25,4.5,25,23.5,42,19.5,25,50.4,100,14/03/2022
20220315,74,28.5,25,15.2,25,0,25,3.8,25,19.8,42,19.3,25,49.6,100,15/03/2022
20220316,75,29.4,25,16.1,25,0.4,25,3.8,25,22.6,42,20.8,25,50.7,100,16/03/2022
20220317,76,30.4,25,16.6,25,1.6,25,4.8,25,23.2,42,21.4,25,49.3,100,17/03/2022
20220318,77,29.9,25,17.6,25,0,25,4.4,25,19.6,42,21.3,25,50.5,100,18/03/2022
20220319,78,29.2,25,15.4,25,0.2,25,4.7,25,23,42,19.7,25,48.6,100,19/03/2022
20220320,79,28.9,25,17.3,25,0,25,5.3,25,22.7,42,17.9,25,45,90.7,20/03/2022
20220321,80,29.7,25,13.9,25,1.5,25,4.6,25,23.2,42,19.1,25,45.8,100,21/03/2022
20220322,81,30.4,25,14.8,25,0,25,5,25,23,42,19.3,25,44.5,100,22/03/2022
20220323,82,32.2,25,13.9,25,0,25,4.3,25,22.3,42,21.2,25,44.1,100,23/03/2022
20220324,83,31.3,25,19.3,25,0,25,4.4,25,18.9,42,23.8,25,52.1,100,24/03/2022
20220325,84,30.7,25,17.2,25,8.5,25,5.5,25,20.5,42,22.5,25,50.9,100,25/03/2022
20220326,85,27.1,25,17.8,25,0,25,2.5,25,12.9,42,21,25,58.6,100,26/03/2022
20220327,86,28.6,25,18.5,25,0.1,25,2.5,25,13.2,42,21.5,25,54.9,100,27/03/2022
20220328,87,23,25,18.5,25,17.4,25,2.7,25,7.7,42,22.8,25,81.2,100,28/03/2022
20220329,88,25,25,18.2,25,21.2,25,1.6,25,10.7,42,21.9,25,69.2,100,29/03/2022
20220330,89,27.7,25,19,25,7.1,25,2.7,25,14.6,42,20.7,25,55.7,94.3,30/03/2022
20220331,90,29.5,25,17.7,25,2.1,25,4.1,25,18.6,42,19.8,25,48,97.8,31/03/2022
20220401,91,28.5,25,16.6,25,0,25,4.2,25,21.3,42,14.9,25,38.3,78.9,1/04/2022
20220402,92,28.6,25,15.1,25,0,25,3.6,25,19.6,42,19.8,25,50.6,100,2/04/2022
20220403,93,30.2,25,15.7,25,0,25,4.9,25,21,42,21.6,25,50.3,100,3/04/2022
20220404,94,28.7,25,18.3,25,0,25,3.6,25,15.9,42,22.4,25,56.9,100,4/04/2022
20220405,95,30.8,25,15.8,25,0,25,3.8,25,19.9,42,21.9,25,49.3,100,5/04/2022
20220406,96,28.2,25,18.1,25,0,25,3.6,25,12.3,42,21.9,25,57.3,100,6/04/2022
20220407,97,28.1,25,15.5,25,3.7,25,3.1,25,18.2,42,20.1,25,52.9,100,7/04/2022
20220408,98,27.6,25,16.7,25,2.7,25,3.2,25,14.2,42,21.9,25,59.3,100,8/04/2022
20220409,99,26.7,25,16.8,25,0.7,25,2.3,25,11.6,42,20.4,25,58.2,100,9/04/2022
20220410,100,28.3,25,17,25,0.6,25,3.6,25,18.4,42,18.9,25,49.1,97.6,10/04/2022
20220411,101,30.1,25,15.4,25,0.3,25,4.1,25,19.9,42,20.8,25,48.7,100,11/04/2022
20220412,102,30.4,25,15.8,25,0,25,3.8,25,17.9,42,21.2,25,48.8,100,12/04/2022
20220413,103,27.5,25,15.7,25,0,25,3.1,25,15.9,42,19,25,51.8,100,13/04/2022
20220414,104,25.5,25,14.6,25,15.7,25,4,25,18.8,42,16.5,25,50.6,99.3,14/04/2022
20220415,105,26.7,25,12.6,25,0,25,3.9,25,18.3,42,16.8,25,48,100,15/04/2022
20220416,106,26.1,25,12.6,25,0,25,3.2,25,16.1,42,15.6,25,46.1,100,16/04/2022
20220417,107,25.2,25,13.7,25,0.3,25,3.2,25,14.1,42,16.8,25,52.4,100,17/04/2022
20220418,108,27,25,12.3,25,0,25,2.4,25,15.8,42,16.9,25,47.4,100,18/04/2022
20220419,109,27.6,25,12,25,0,25,2.3,25,16.6,42,18.4,25,49.8,100,19/04/2022
20220420,110,29.6,25,14.2,25,0,25,3.8,25,17.8,42,20.4,25,49.2,100,20/04/2022
20220421,111,28,25,11.3,25,0,25,3.4,25,16.1,42,18,25,47.6,100,21/04/2022
20220422,112,26.5,25,16.4,25,0,25,3.4,25,16.2,42,17.3,25,50,92.8,22/04/2022
20220423,113,24.6,25,15.4,25,2,25,3.3,25,12.7,42,17.8,25,57.6,100,23/04/2022
20220424,114,24.4,25,14.1,25,0,25,2.4,25,15.2,42,16.4,25,53.7,100,24/04/2022
20220425,115,22.2,25,14.6,25,0.5,25,2.9,25,10.9,42,16.8,25,62.8,100,25/04/2022
20220426,116,21.7,25,15.4,25,0.6,25,0.9,25,9.1,42,16.7,25,64.4,95.5,26/04/2022
20220427,117,25.7,25,13.7,25,0.3,25,2.1,25,10.7,42,19,25,57.6,100,27/04/2022
20220428,118,25.4,25,14.8,25,1,25,1.6,25,9.6,42,20.5,25,63.2,100,28/04/2022
20220429,119,27.6,25,16.4,25,2.4,25,2.1,25,13.4,42,21.7,25,58.8,100,29/04/2022
20220430,120,27.3,25,15.4,25,0.5,25,2,25,10.4,42,21.6,25,59.5,100,30/04/2022
20220501,121,22.8,25,15.5,25,0.1,25,1.9,25,8.2,42,19.7,25,71,100,1/05/2022
20220502,122,25.9,25,14,25,1.1,25,2.7,25,13.7,42,17.8,25,53.3,100,2/05/2022
20220503,123,26.1,25,10.5,25,0.9,25,2,25,14.9,42,15.6,25,46.1,100,3/05/2022
20220504,124,27,25,11.6,25,0,25,2.4,25,15.6,42,18.2,25,51.1,100,4/05/2022
20220505,125,28.3,25,15,25,0,25,2.2,25,13.6,42,20.2,25,52.5,100,5/05/2022
20220506,126,25.2,25,18.4,25,31.6,25,1.5,25,9.9,42,21.8,25,68,100,6/05/2022
20220507,127,22.1,25,16.6,25,1.2,25,1.8,25,6,42,18.1,25,68.1,95.9,7/05/2022
20220508,128,23.2,25,13.3,25,16.5,25,2,25,12.9,42,16.2,25,57,100,8/05/2022
20220509,129,18.4,25,15.4,25,6,25,1.7,25,5.1,42,16.7,25,78.9,95.5,9/05/2022
20220510,130,21,25,15.2,25,9.8,25,1,25,8.2,42,17.7,25,71.2,100,10/05/2022
20220511,131,21.1,25,16.6,25,7.3,25,1.7,25,4.9,42,19.1,25,76.4,100,11/05/2022
20220512,132,22.4,25,17.9,25,51.4,25,1.5,25,7.6,42,20.5,25,75.7,100,12/05/2022
20220513,133,22.9,25,19.3,25,68.4,25,1.4,25,6.6,42,23.4,25,83.8,100,13/05/2022
20220514,134,23.2,25,18.5,25,45.3,25,1.3,25,7.4,42,21.2,25,74.6,99.6,14/05/2022
20220515,135,28.4,25,19.3,25,7.1,25,1.7,25,11.1,42,24.4,25,63.1,100,15/05/2022
20220516,136,28.2,25,19.4,25,0.1,25,1.4,25,13,42,25.6,25,67,100,16/05/2022
20220517,137,28.5,25,18.7,25,0,25,2.3,25,13.7,42,22.8,25,58.6,100,17/05/2022
20220518,138,26.4,25,18.1,25,0.8,25,2.5,25,12.8,42,20.2,25,58.7,97.3,18/05/2022
20220519,139,24.3,25,12.5,25,1.9,25,1.7,25,12.2,42,17,25,56,100,19/05/2022
20220520,140,20.2,25,15.3,25,9,25,1.2,25,6.2,42,15.2,25,64.2,87.5,20/05/2022
20220521,141,17.4,25,14.7,25,2.6,25,0.7,25,3.9,42,16.3,25,82.1,97.5,21/05/2022
20220522,142,20.4,25,15,25,11.3,25,0.9,25,8.5,42,17.3,25,72.2,100,22/05/2022
20220523,143,21.1,25,13.2,25,1.7,25,2,25,11.2,42,15.6,25,62.4,100,23/05/2022
20220524,144,22.7,25,14,25,0.1,25,1.7,25,13.5,42,16.3,25,59.1,100,24/05/2022
20220525,145,22.4,25,13.4,25,0.1,25,1.9,25,10.6,42,16.5,25,60.9,100,25/05/2022
20220526,146,24.1,25,12.7,25,0,25,2.5,25,13.2,42,16.5,25,55,100,26/05/2022
20220527,147,24.6,25,10.8,25,0.1,25,2.2,25,13.9,42,16.6,25,53.7,100,27/05/2022
20220528,148,25.1,0,11.2,0,0,25,1.9,25,13.8,42,16.1,0,50.5,100,28/05/2022
20220529,149,20.9,0,10.1,0,0,0,2.9,25,13.7,42,13.8,0,55.9,100,29/05/2022
20220530,150,18.3,0,9.2,0,0,0,2.1,25,6.1,42,12,0,57.1,100,30/05/2022
20220531,151,19.4,0,12.7,0,1.8,0,3.4,25,13.4,42,9.7,0,43.1,66.1,31/05/2022
20220601,152,19.1,0,10.8,0,0.2,0,4.6,25,14.3,42,10.4,0,47.1,80.3,1/06/2022
20220602,153,19.1,0,9.5,0,0,0,1.9,25,14.1,42,7.6,0,34.4,64,2/06/2022
20220603,154,19.6,0,6.1,0,0,0,1.1,25,10,42,9.9,0,43.4,100,3/06/2022
20220604,155,19.2,0,11.5,0,8.2,0,3,25,12,42,15,0,67.5,100,4/06/2022
20220605,156,20.2,0,5,0,0.2,0,2.7,25,14.1,42,10.2,0,43.1,100,5/06/2022
20220606,157,20.2,0,11.3,0,8.4,0,3.9,25,11.9,42,12,0,50.7,89.7,6/06/2022
20220607,158,16,0,7.7,0,0.2,0,2.2,25,9.1,42,9.7,0,53.4,92.4,7/06/2022
20220608,159,18.1,0,7,0,0,0,3.1,25,14,42,8.2,0,39.5,81.9,8/06/2022
20220609,160,16.8,0,5.8,0,0,0,2.8,25,14,42,7.2,0,37.7,78.1,9/06/2022
20220610,161,16.6,0,6,0,0,0,2.5,25,13.9,42,7.4,0,39.2,79.2,10/06/2022
20220611,162,18.1,0,6.7,0,0,0,3.3,25,13.9,42,8.2,0,39.5,83.6,11/06/2022
20220612,163,19.1,0,8,0,0,0,3,25,13.6,42,8.3,0,37.6,77.4,12/06/2022
20220613,164,21,0,7.1,0,0,0,1.4,25,13.8,42,8.9,0,35.8,88.3,13/06/2022
20220614,165,22.5,0,7,0,0,0,2,25,13.8,42,12.9,0,47.3,100,14/06/2022
20220615,166,22.3,0,9.6,0,0,0,1.9,25,13.3,42,15.3,0,56.8,100,15/06/2022
20220616,167,24,0,6.3,0,0,0,2.5,25,12.8,42,13.8,0,46.3,100,16/06/2022
20220617,168,22.8,0,2.4,0,0,0,1.9,25,13.8,42,9.8,0,35.3,100,17/06/2022
20220618,169,22.5,0,4,0,0,0,2.3,25,13.8,42,10.4,0,38.2,100,18/06/2022
20220619,170,22.6,0,5.6,0,0,0,1.8,25,13.1,42,11.1,0,40.5,100,19/06/2022
20220620,171,22.2,0,9.2,0,0,0,2,25,13,42,12.8,0,47.8,100,20/06/2022
20220621,172,22.5,0,6,0,0,0,2.1,25,13.8,42,12.1,0,44.4,100,21/06/2022
20220622,173,24,0,4.4,0,0,0,2.2,25,13.8,42,12,0,40.2,100,22/06/2022
20220623,174,22.4,0,5.2,0,0,0,1.6,25,13.8,42,11.6,0,42.8,100,23/06/2022
20220624,175,23.1,0,4.4,0,0,0,2.4,25,13.8,42,9.9,0,35,100,24/06/2022
20220625,176,23.2,0,1.8,0,0,0,1.9,25,13.9,42,9.5,0,33.4,100,25/06/2022
20220626,177,22,0,3.2,0,0,0,1.8,25,13.7,42,9.2,0,34.8,100,26/06/2022
20220627,178,22.4,0,6,0,0,0,2.9,25,13.3,42,11.5,0,42.5,100,27/06/2022
20220628,179,19.5,0,3.9,0,0,0,2.2,25,13.9,42,9.2,0,40.6,100,28/06/2022
20220629,180,18.5,0,4.8,0,0,0,1,25,10,42,11.3,0,53.1,100,29/06/2022
20220630,181,21.9,0,9.8,0,0,0,1.7,25,11.4,42,12.9,0,49.1,100,30/06/2022
20220701,182,14.8,0,13,0,2.2,0,1.6,25,4.9,42,15,0,89.2,100,1/07/2022
20220702,183,17.2,0,13.4,0,38.6,0,0.6,25,4.9,42,16.1,0,82.1,100,2/07/2022
20220703,184,16.3,0,9.7,0,0.6,0,1.8,25,14,42,11,0,59.4,91.5,3/07/2022
20220704,185,12.2,0,9.1,0,0,0,0.9,25,4.9,42,9.8,0,69,84.8,4/07/2022
20220705,186,13.5,0,9.3,0,8.6,0,0.5,25,4.2,42,12,0,77.6,100,5/07/2022
20220706,187,17.1,0,10.1,0,11.6,0,1.1,25,10.8,42,14.1,0,72.4,100,6/07/2022
20220707,188,18.6,0,9.4,0,0,0,2,25,10.9,42,14.9,0,69.6,100,7/07/2022
20220708,189,17.1,0,7.2,0,0,25,2.6,25,14.2,42,9.2,0,47.2,90.6,8/07/2022
20220709,190,18.4,0,6.8,0,0,0,2,25,14.3,42,8.2,0,38.8,83,9/07/2022
20220710,191,19.9,0,2.2,0,0,0,2.4,25,14.3,42,9.2,0,39.6,100,10/07/2022
20220711,192,20.1,0,2.4,0,0,0,1,25,12.5,42,9,0,38.3,100,11/07/2022
20220712,193,18.2,0,5.8,0,0,0,1.4,25,9.8,42,11.6,0,55.5,100,12/07/2022
20220713,194,17.6,0,3.3,0,3.8,0,3.2,25,12.8,42,10.2,0,50.7,100,13/07/2022
20220714,195,18.8,0,7.1,0,0,0,2.2,25,14.5,42,8.4,0,38.7,83.3,14/07/2022
20220715,196,21.1,0,4.4,0,0,0,1.8,25,14.5,42,9.7,0,38.8,100,15/07/2022
20220716,197,20.7,0,3.8,0,0,0,2.3,25,14.7,42,10.6,0,43.4,100,16/07/2022
20220717,198,23.1,0,3.4,0,0,0,1.9,25,14.4,42,10.1,0,35.7,100,17/07/2022
20220718,199,24.4,0,7,0,0,0,2.9,25,13.8,42,13.6,0,44.5,100,18/07/2022
20220719,200,20.8,0,3.6,0,0,0,2.5,25,14,42,8.9,0,36.2,100,19/07/2022
20220720,201,20.9,0,11.1,0,0,0,2.2,25,11.1,42,11.7,0,47.4,88.6,20/07/2022
20220721,202,15,0,10.5,0,0.8,0,0.7,25,6.6,42,13.1,0,76.9,100,21/07/2022
20220722,203,19.2,0,12.8,0,3.6,0,1.7,25,9,42,14.4,0,64.8,97.5,22/07/2022
20220723,204,21.2,0,8.8,0,0,0,2.3,25,14.5,42,13.4,0,53.2,100,23/07/2022
20220724,205,22.2,0,6.6,0,0,0,2.2,25,15.2,42,12.1,0,45.2,100,24/07/2022
20220725,206,21.5,0,5.9,0,0,0,2.6,25,15.2,42,12.4,0,48.4,100,25/07/2022
20220726,207,25.7,0,5.5,0,0,0,3.3,25,15.1,42,12.6,0,38.2,100,26/07/2022
20220727,208,19.1,0,9,0,0,0,3.7,25,15.6,42,6.4,0,29,55.8,27/07/2022
20220728,209,20.7,0,3.4,0,0,0,2.5,25,15.7,42,8.5,0,34.8,100,28/07/2022
20220729,210,21.8,0,1.9,0,0,0,3.3,25,15.8,42,9.5,0,36.4,100,29/07/2022
20220730,211,20.5,0,5.4,0,0,0,2.5,25,15.8,42,8.5,0,35.3,94.8,30/07/2022
20220731,212,20.2,0,6,0,0,0,1.7,25,11.3,42,11.6,0,49,100,31/07/2022
20220801,213,18.9,0,9.7,0,0,0,1.1,25,9.6,42,13.4,0,61.4,100,1/08/2022
20220802,214,23.8,0,7.6,0,0.6,0,2.4,25,16,42,15.5,0,52.6,100,2/08/2022
20220803,215,24.7,0,9.9,0,0,0,2.7,25,14.2,42,14.1,0,45.3,100,3/08/2022
20220804,216,25.1,0,9.6,0,0,0,2.8,25,15.5,42,15.3,0,48,100,4/08/2022
20220805,217,22.1,0,10,0,0,0,2,25,10.1,42,15.5,0,58.3,100,5/08/2022
20220806,218,21.6,0,14,0,5.2,0,2.6,25,11.7,42,15.4,0,59.7,96.4,6/08/2022
20220807,219,21.4,0,4.4,0,0,0,3.8,25,16.5,42,11.2,0,44,100,7/08/2022
20220808,220,21.4,0,4.8,0,0,0,3,25,16.8,42,9,0,35.3,100,8/08/2022
20220809,221,21,0,4.3,0,0,0,2.5,25,16.4,42,9.9,0,39.8,100,9/08/2022
20220810,222,20.9,0,4.3,0,0,0,3.1,25,16.8,42,10.1,0,40.9,100,10/08/2022
20220811,223,21.2,0,5.1,0,0,0,2.1,25,14.9,42,11,0,43.7,100,11/08/2022
20220812,224,20.6,0,8.5,0,0,0,1.5,25,11.8,42,13.7,0,56.5,100,12/08/2022
20220813,225,18.7,0,13.8,0,5.8,0,1.2,25,9,42,15.9,0,73.8,100,13/08/2022
20220814,226,21.1,0,4.5,0,5.6,0,3.4,25,17.5,42,12.7,0,50.8,100,14/08/2022
20220815,227,20.8,0,3.7,0,0,0,3.3,25,17.7,42,9.7,0,39.5,100,15/08/2022
20220816,228,21.9,0,2.7,0,0,0,2.7,25,17,42,9,0,34.3,100,16/08/2022
20220817,229,21.8,0,7,0,0,0,3.3,25,17.9,42,9.5,0,36.4,94.9,17/08/2022
20220818,230,24.6,0,3.5,0,0,0,3.3,25,18,42,10.6,0,34.3,100,18/08/2022
20220819,231,28.1,0,3.5,0,0,0,4.3,25,18.1,42,10.7,0,28.1,100,19/08/2022
20220820,232,24.2,0,8,0,0,0,3.8,25,18.2,42,9.6,0,31.8,89.5,20/08/2022
20220821,233,23.3,0,4.5,0,0,0,3.4,25,17.2,42,9.4,0,32.9,100,21/08/2022
20220822,234,21.2,0,6.3,0,0,0,2.9,25,14.8,42,12.4,0,49.3,100,22/08/2022
20220823,235,26.7,0,6,0,0,0,4.3,25,15.9,42,13.5,0,38.5,100,23/08/2022
20220824,236,19.6,0,7.1,0,0.6,0,4.2,25,18.8,42,7.8,0,34.2,77.4,24/08/2022
20220825,237,22.1,0,3.5,0,0,0,3,25,18.9,42,7.4,0,27.8,94.3,25/08/2022
20220826,238,22.4,0,2.5,0,0,0,2.8,25,18.8,42,9.5,0,35.1,100,26/08/2022
20220827,239,23.2,0,6.2,0,0,0,3.3,25,17.1,42,12.6,0,44.3,100,27/08/2022
20220828,240,24.6,0,10.5,0,0,0,3.8,25,15,42,14.9,0,48.2,100,28/08/2022
20220829,241,23.5,0,7.5,0,0,0,1.8,25,11.2,42,16.3,0,56.3,100,29/08/2022
20220830,242,18.9,0,10.1,0,0,0,1.7,25,6.8,42,14.8,0,67.8,100,30/08/2022
20220831,243,25.2,0,14.3,0,9.8,0,2.7,25,18.4,42,18.4,0,57.4,100,31/08/2022
20220901,244,23.1,0,10.9,0,0.2,0,2.6,25,16.8,42,15.8,0,55.9,100,1/09/2022
20220902,245,18.8,0,11.7,0,0,0,1.8,25,6.8,42,17.2,0,79.3,100,2/09/2022
20220903,246,19.4,0,13.6,0,16.6,0,2.8,25,11.4,42,16.2,0,71.9,100,3/09/2022
20220904,247,22.9,0,8.4,0,2.2,0,3.7,25,19.9,42,13.2,0,47.3,100,4/09/2022
20220905,248,21.4,0,6.4,0,0.2,0,3.2,25,17.9,42,11,0,43.2,100,5/09/2022
20220906,249,23.2,0,8.2,0,0,0,3.2,25,20.2,42,13,0,45.7,100,6/09/2022
20220907,250,23.4,0,8.3,0,0,0,2.8,25,18.2,42,13.3,0,46.2,100,7/09/2022
20220908,251,22.6,0,7.9,0,0,0,2.2,25,13.8,42,13.4,0,48.9,100,8/09/2022
20220909,252,24.1,0,12.8,0,10,0,2.2,25,13.2,42,16.6,0,55.3,100,9/09/2022
20220910,253,24.6,0,8.5,0,2.2,0,4.3,25,19.6,42,14.3,0,46.2,100,10/09/2022
20220911,254,24.6,0,12.5,0,0.2,0,3.8,25,19.1,42,12,0,38.8,82.8,11/09/2022
20220912,255,23.6,0,13.5,0,0,0,3.8,25,17.6,42,11.6,0,39.8,75,12/09/2022
20220913,256,25.8,0,11.1,0,0,0,4.1,25,21.7,42,11.3,0,34,85.6,13/09/2022
20220914,257,23.8,0,11,0,0,0,2.9,25,21.3,42,13.3,0,45.1,100,14/09/2022
20220915,258,23.4,0,12.6,0,0,0,3.3,25,13.5,42,14.5,0,50.4,99.5,15/09/2022
20220916,259,24.1,0,13.9,0,7.8,0,1.5,25,13.2,42,15.7,0,52.3,98.9,16/09/2022
20220917,260,29.1,0,13,0,0.2,0,5.6,25,20.3,42,18.7,0,46.4,100,17/09/2022
20220918,261,26.6,0,7.8,0,0,0,4.8,25,22.5,42,9.8,0,28.1,92.7,18/09/2022
20220919,262,29.3,0,7.6,0,0,0,5,25,22.7,42,12.6,0,30.9,100,19/09/2022
20220920,263,27.5,0,6.7,0,0,0,4.6,25,22.8,42,11.7,0,31.9,100,20/09/2022
20220921,264,22.4,0,13.2,0,0,0,2.3,25,9.6,42,17.6,0,65,100,21/09/2022
20220922,265,23.7,0,15.8,0,19,0,2.1,25,14.4,42,20.3,0,69.3,100,22/09/2022
20220923,266,26.1,0,13.5,0,17.6,0,3.4,25,20.9,42,17.6,0,52.1,100,23/09/2022
20220924,267,27.4,0,12.9,0,0.2,0,4.9,25,22.1,42,17.1,0,46.9,100,24/09/2022
20220925,268,26.2,0,11.7,0,0,0,4.7,25,23.6,42,13.8,0,40.6,100,25/09/2022
20220926,269,27.1,0,9.1,0,0,0,4.6,25,23.6,42,15.9,0,44.3,100,26/09/2022
20220927,270,26,0,12.6,0,0,0,2.5,25,14,42,16.5,0,49.1,100,27/09/2022
20220928,271,26.8,0,15.3,0,4,0,3.7,25,18,42,18.7,0,53.1,100,28/09/2022
20220929,272,23.4,0,12.2,0,0,0,3.5,25,14.7,42,10.9,0,37.9,76.8,29/09/2022
20220930,273,27.1,0,8.2,0,0,0,4.9,25,24.2,42,12.6,0,35.1,100,30/09/2022
20221001,274,23.9,0,11.3,0,0,0,3.2,25,16,42,14,0,47.2,100,1/10/2022
20221002,275,17.9,0,10.1,0,6.8,0,2,25,9.7,42,13.9,0,67.8,100,2/10/2022
20221003,276,23.8,0,9.5,0,3.4,0,4.4,25,23.6,42,13.3,0,45.1,100,3/10/2022
20221004,277,24.7,0,9.2,0,0,0,3.7,25,22.6,42,14.1,0,45.3,100,4/10/2022
20221005,278,24.6,0,9.8,0,0,0,2.5,25,16.6,42,15.6,0,50.5,100,5/10/2022
20221006,279,23.1,0,15,0,0.6,0,2.1,25,12.9,42,16.8,0,59.5,98.6,6/10/2022
20221007,280,25.1,0,14.4,0,0.2,0,3.7,25,15.8,42,17.1,0,53.7,100,7/10/2022
20221008,281,28.7,0,15.7,0,0.2,0,4.3,25,21.6,42,18.2,0,46.2,100,8/10/2022
20221009,282,25.5,0,18.2,0,11.6,0,3.8,25,18.6,42,20.1,0,61.6,96.2,9/10/2022
20221010,283,22.8,0,15.4,0,0.2,0,3.3,25,9.1,42,15.8,0,56.9,90.4,10/10/2022
20221011,284,24.6,0,11.4,0,0,0,4.4,25,16.8,42,13.8,0,44.6,100,11/10/2022
20221012,285,24.8,0,9.5,0,0,0,4,25,18.2,42,14.2,0,45.4,100,12/10/2022
20221013,286,26.4,0,11,0,0,0,3.9,25,20.4,42,15.8,0,45.9,100,13/10/2022
20221014,287,28,0,13.8,0,0,0,4.2,25,18.3,42,19.7,0,52.1,100,14/10/2022
20221015,288,27.8,0,12.7,0,0,0,5.6,25,26.5,42,12.2,0,32.7,83.1,15/10/2022
20221016,289,27.1,0,14.9,0,0,0,3.1,25,19.8,42,16.9,0,47.1,99.8,16/10/2022
20221017,290,26.2,0,17.2,0,2.8,0,3.4,25,16.8,42,18.7,0,55,95.3,17/10/2022
20221018,291,27.1,0,14.2,0,0,0,3.5,25,14.2,42,18.1,0,50.5,100,18/10/2022
20221019,292,22.3,0,16.9,0,0.8,0,2.6,25,7.7,42,19.4,0,72.1,100,19/10/2022
20221020,293,23,0,17.7,0,28.2,0,2.1,25,7.8,42,21,0,74.8,100,20/10/2022
20221021,294,23,0,18.7,0,0.8,0,2.7,25,9.7,42,23.1,0,82.3,100,21/10/2022
20221022,295,21,0,18.4,0,55.6,0,2.1,25,5.3,42,21.3,0,85.7,100,22/10/2022
20221023,296,24.5,0,16.7,0,16.6,0,1.9,25,7.9,42,19.4,0,63.1,100,23/10/2022
20221024,297,30.4,0,16.8,0,13,0,5.5,25,27.3,42,20,0,46.1,100,24/10/2022
20221025,298,29.5,0,17.4,0,5.6,0,4.2,25,22.3,42,19.9,0,48.3,100,25/10/2022
20221026,299,30.6,0,18.1,0,0.2,0,6.5,25,27,42,19.7,0,44.9,94.9,26/10/2022
20221027,300,35.2,0,15.9,0,0,0,6.5,25,22.4,42,18.5,0,32.5,100,27/10/2022
20221028,301,30.5,0,17.8,0,0,0,8.2,25,28.2,42,16.7,0,38.2,82,28/10/2022
20221029,302,30.2,0,12.4,0,0,0,7.6,25,28.3,42,14.6,0,34,100,29/10/2022
20221030,303,31.4,0,13.6,0,0,0,7,25,28.3,42,13.1,0,28.5,84.2,30/10/2022
20221031,304,31.6,0,13.8,0,0,0,5.1,25,21.8,42,16.4,0,35.3,100,31/10/2022
20221101,305,23.4,0,17.3,0,12,0,5.4,25,10.8,42,17.6,0,61.2,89.2,1/11/2022
20221102,306,22.5,0,13.2,0,1.2,0,8,25,28.7,42,9.4,0,34.5,62,2/11/2022
20221103,307,24.5,0,8.1,0,0,0,5.3,25,28.8,42,7,0,22.8,64.9,3/11/2022
20221104,308,26.5,0,9.4,0,0,0,6,25,23.9,42,12.2,0,35.2,100,4/11/2022
20221105,309,25.1,0,10.5,0,0,0,4.9,25,19,42,14.6,0,45.8,100,5/11/2022
20221106,310,26.7,0,10.5,0,0,0,6,25,22,42,15.2,0,43.4,100,6/11/2022
20221107,311,26.4,0,11.4,0,0,0,6.4,25,24.5,42,15.6,0,45.3,100,7/11/2022
20221108,312,26.6,0,10.9,0,0,0,4.6,25,24,42,15.5,0,44.5,100,8/11/2022
20221109,313,26.5,0,10.5,0,0,0,5.8,25,26.1,42,13.1,0,37.8,100,9/11/2022
20221110,314,27.5,0,10.9,0,0,0,6.8,25,25.7,42,13.8,0,37.6,100,10/11/2022
20221111,315,28.4,0,10.8,0,0,0,5.2,25,28.7,42,15.3,0,39.6,100,11/11/2022
20221112,316,30.9,0,12.2,0,0,0,5.9,25,26.9,42,16.4,0,36.7,100,12/11/2022
20221113,317,32,0,14.9,0,0,0,7.1,25,27.4,42,17.3,0,36.4,100,13/11/2022
20221114,318,33,0,18.3,0,0,0,6.2,25,19.8,42,20.4,0,40.6,97,14/11/2022
20221115,319,31.8,0,16.5,0,0,0,7.1,25,29.7,42,14.2,0,30.2,75.7,15/11/2022
20221116,320,28.8,0,14.3,0,0,0,8.6,25,28.6,42,13,0,32.8,79.8,16/11/2022
20221117,321,25.6,0,11.8,0,0,0,5.9,25,23.6,42,7.6,0,23.2,54.9,17/11/2022
20221118,322,27.8,0,9.2,0,0,0,6.8,25,29.4,42,12.9,0,34.5,100,18/11/2022
20221119,323,31.3,0,10.7,0,0,0,6.4,25,29.2,42,16.8,0,36.8,100,19/11/2022
20221120,324,34.7,0,19.5,0,0,0,7.1,25,18.1,42,23.2,0,41.9,100,20/11/2022
20221121,325,33.9,0,17.2,0,3.6,0,10.5,25,28.5,42,11.9,0,22.5,60.7,21/11/2022
20221122,326,28.7,0,17,0,0,0,7.5,25,24,42,8.7,0,22.1,44.9,22/11/2022
20221123,327,28.1,0,11.8,0,0,0,5.8,25,18.7,42,10.1,0,26.6,73,23/11/2022
20221124,328,29.8,0,13.6,0,0,0,4.4,25,19.5,42,11.7,0,27.9,75.2,24/11/2022
20221125,329,33.7,0,12.6,0,0,0,7,25,30.4,42,13.4,0,25.6,91.9,25/11/2022
20221126,330,34.6,0,12.9,0,0,0,7.5,25,30.5,42,13,0,23.6,87.4,26/11/2022
20221127,331,28.7,0,18.9,0,0,0,4,25,13.1,42,20.1,0,51.1,92.1,27/11/2022
20221128,332,34.6,0,20.5,0,0.6,0,5,25,24.3,42,18.5,0,33.6,76.7,28/11/2022
20221129,333,31.9,0,19.2,0,5.8,0,4.7,25,19.3,42,23.2,0,49.1,100,29/11/2022
20221130,334,22.9,0,20.3,0,0.2,0,3.4,25,5.2,42,16.4,0,58.8,68.9,30/11/2022
20221201,335,21.3,0,14.7,0,16,0,1.1,25,5.4,42,16.9,0,66.7,100,1/12/2022
20221202,336,26.5,0,13.7,0,11,0,6.2,25,24.7,42,15.9,0,45.9,100,2/12/2022
20221203,337,26.4,0,11.5,0,0.4,0,5.1,25,21.5,42,15.1,0,43.9,100,3/12/2022
20221204,338,27.5,0,11.8,0,0,0,4.6,25,21.3,42,15.6,0,42.5,100,4/12/2022
20221205,339,31.5,0,13,0,0,0,6,25,30.4,42,17.6,0,38.1,100,5/12/2022
20221206,340,37.5,0,14.9,0,0,0,8.4,25,31,42,18.9,0,29.3,100,6/12/2022
20221207,341,37.6,0,14.4,0,0,0,9.2,25,31.2,42,14.2,0,21.9,86.6,7/12/2022
20221208,342,35,0,19.7,0,27.2,0,9.5,25,31.1,42,24.7,0,43.9,100,8/12/2022
20221209,343,29.6,0,15.6,0,0,0,6.3,25,25.8,42,20.3,0,49,100,9/12/2022
20221210,344,28.5,0,19.2,0,0,0,4.9,25,19.2,42,19.1,0,49.1,85.9,10/12/2022
20221211,345,29.8,0,15.9,0,0,0,5.1,25,26.8,42,17.7,0,42.2,98,11/12/2022
20221212,346,33.6,0,15.7,0,0,0,6.1,25,27.7,42,22.7,0,43.6,100,12/12/2022
20221213,347,30.8,0,19.6,0,7.4,0,5,25,20.5,42,25.5,0,57.4,100,13/12/2022
20221214,348,31.8,0,18,0,0,0,9.4,25,31.3,42,18.2,0,38.7,88.2,14/12/2022
20221215,349,29.1,0,15.3,0,0,0,6.1,25,27.7,42,12,0,29.8,69.1,15/12/2022
20221216,350,29.8,0,14.6,0,0,0,7.3,25,29.2,42,17.5,0,41.7,100,16/12/2022
20221217,351,28,0,15.7,0,0,0,7.4,25,25.9,42,15.5,0,41,87,17/12/2022
20221218,352,28.4,0,16.4,0,0,0,7.4,25,29.3,42,12.7,0,32.8,68.1,18/12/2022
20221219,353,27.7,0,15.2,0,0,0,6.4,25,26.6,42,13.8,0,37.2,79.9,19/12/2022
20221220,354,29,0,11.3,0,0,0,8.1,25,30.5,42,11.7,0,29.2,87.4,20/12/2022
20221221,355,29.1,0,11.3,0,0,0,7,25,27.2,42,14.3,0,35.5,100,21/12/2022
20221222,356,30,0,18.6,0,0,0,5.9,25,26.2,42,16.1,0,37.9,75.2,22/12/2022
20221223,357,30.9,0,15.1,0,0,0,4.8,25,22.3,42,17.5,0,39.2,100,23/12/2022
20221224,358,27.3,0,19.6,0,0.6,0,1.5,25,9.1,42,22.5,0,62,98.7,24/12/2022
20221225,359,30.5,0,18.7,0,0,0,4.4,25,17.8,42,20.3,0,46.5,94.2,25/12/2022
20221226,360,30.7,0,20,0,23.2,0,6.8,25,27.4,42,22,0,49.8,94.1,26/12/2022
20221227,361,30.4,0,15.7,0,0,0,6.1,25,26,42,18,0,41.5,100,27/12/2022
20221228,362,30.2,0,14.1,0,0,0,5.8,25,27.1,42,17.6,0,41,100,28/12/2022
20221229,363,31.4,0,15.1,0,0,0,6.4,25,25.8,42,18.1,0,39.4,100,29/12/2022
20221230,364,29.9,0,19.9,0,0,0,4.5,25,15.2,42,21.6,0,51.2,93,30/12/2022
20221231,365,30.5,0,19.4,0,2.2,0,6,25,23.1,42,21.7,0,49.7,96.4,31/12/2022
20230101,1,32.3,0,17.7,0,0,0,5.6,25,23.6,42,21,0,43.4,100,1/01/2023
20230102,2,30.9,0,15.6,0,0,0,6.7,25,23.6,42,17.8,0,39.8,100,2/01/2023
20230103,3,33.7,0,15.5,0,0,0,6.5,25,27.1,42,18.3,0,35,100,3/01/2023
20230104,4,37.7,0,17.2,0,0,0,6.5,25,29.5,42,21.2,0,32.5,100,4/01/2023
20230105,5,29.5,0,21.4,0,2.8,0,4.4,25,11.4,42,24.7,0,59.9,97,5/01/2023
20230106,6,31.5,0,16.9,0,22.4,0,6.1,25,27.9,42,20.9,0,45.2,100,6/01/2023
20230107,7,31.7,0,18.3,0,1.2,0,7.5,25,29.2,42,17.8,0,38.1,84.7,7/01/2023
20230108,8,33,0,16.4,0,0,0,6,25,30.6,42,19.4,0,38.6,100,8/01/2023
20230109,9,34.5,0,21.4,0,0,0,7,25,30.4,42,21.2,0,38.8,83.2,9/01/2023
20230110,10,33.9,0,19.2,0,0,0,7.5,25,28.8,42,22.2,0,42,99.8,10/01/2023
20230111,11,30.7,0,16,0,0,0,5.8,25,27.1,42,17.3,0,39.2,95.2,11/01/2023
20230112,12,30.8,0,17.9,0,0,0,5.5,25,21.9,42,19.4,0,43.7,94.6,12/01/2023
20230113,13,31.1,0,15.9,0,0,0,6.4,25,23.1,42,18.7,0,41.4,100,13/01/2023
20230114,14,27.3,0,20,0,0,0,4.1,25,14.4,42,20.6,0,56.8,88.1,14/01/2023
20230115,15,31.2,0,16.8,0,0,0,5,25,24.1,42,18.8,0,41.4,98.3,15/01/2023
20230116,16,27.2,0,18.6,0,0,0,4,25,9,42,20.1,0,55.7,93.8,16/01/2023
20230117,17,31.3,0,17.8,0,0,0,6.3,25,25.2,42,19.7,0,43.1,96.7,17/01/2023
20230118,18,31.5,0,15.3,0,0,0,7,25,27.4,42,18.8,0,40.7,100,18/01/2023
20230119,19,33.3,0,15.3,0,0,0,6.8,25,30.2,42,18.7,0,36.6,100,19/01/2023
20230120,20,28.9,0,19.9,0,0.8,0,5.3,25,16.2,42,21.3,0,53.5,91.7,20/01/2023
20230121,21,31.8,0,14.8,0,0,0,7.1,25,28.5,42,17.4,0,37,100,21/01/2023
20230122,22,31.5,0,13.8,0,0,0,6.2,25,26.5,42,18.5,0,40,100,22/01/2023
20230123,23,33.7,0,17.1,0,0,0,6,25,28.4,42,20.9,0,40,100,23/01/2023
20230124,24,32.3,0,20.2,0,1.7,25,4.9,25,14.9,42,24.7,0,51.1,100,24/01/2023
20230125,25,34.3,0,20.2,0,18.9,25,5.3,25,23.1,42,26,0,48.1,100,25/01/2023
20230126,26,36.6,0,19.2,0,0,0,7.8,25,26.8,42,25.6,0,41.7,100,26/01/2023
20230127,27,30.4,0,22.3,0,0,0,3.2,25,11.1,42,22.4,0,51.6,83.2,27/01/2023
20230128,28,34.7,0,17.8,0,0,0,6.6,25,27.9,42,24.6,0,44.5,100,28/01/2023
20230129,29,34.5,0,19.6,0,0,0,7.2,25,29,42,23.1,0,42.2,100,29/01/2023
20230130,30,34.7,0,21.4,0,0,0,6.2,25,19.5,42,23.8,0,43,93.4,30/01/2023
20230131,31,34.3,0,21.1,0,35.6,0,5.5,25,20,42,27.1,0,50.1,100,31/01/2023
20230201,32,35.7,0,22.9,0,0.8,0,6.9,25,26.6,42,26.9,0,46,96.4,1/02/2023
20230202,33,31.7,0,23.5,0,0,0,4.3,25,15.4,42,25.8,0,55.2,89.1,2/02/2023
20230203,34,36.3,0,21,0,0,0,8.1,25,22.3,42,29.1,0,48.2,100,3/02/2023
20230204,35,28.4,0,23.2,0,0,0,4.1,25,12.6,42,16,0,41.4,56.3,4/02/2023
20230205,36,33.2,0,17.8,0,0,0,7.2,25,26.5,42,24.6,0,48.4,100,5/02/2023
20230206,37,32.6,0,16.9,0,0,0,7.5,25,28.9,42,21.4,0,43.5,100,6/02/2023
20230207,38,30.2,0,17.3,0,0,0,7.4,25,23.1,42,20.5,0,47.8,100,7/02/2023
20230208,39,30.9,0,18.5,0,0,0,6.1,25,21,42,19.9,0,44.6,93.5,8/02/2023
20230209,40,27.7,0,19.5,0,0,0,3.7,25,12.5,42,21.4,0,57.6,94.5,9/02/2023
20230210,41,31.9,0,15.5,0,1.6,0,6.8,25,28.3,42,18.2,0,38.5,100,10/02/2023
20230211,42,35.1,0,17.4,0,0,0,8.3,25,28.7,42,19,0,33.6,95.7,11/02/2023
20230212,43,40.8,0,17.4,0,0,0,9.1,25,28.3,42,20.9,0,27.2,100,12/02/2023
20230213,44,36.1,0,19.1,0,0,0,8.3,25,27.6,42,25.3,0,42.3,100,13/02/2023
20230214,45,31.6,0,20.5,0,0,0,3.6,25,12.4,42,24.1,0,51.8,100,14/02/2023
20230215,46,30.2,0,17.1,0,7.2,0,6.3,25,22.7,42,21.7,0,50.6,100,15/02/2023
20230216,47,30.8,0,14.6,0,0,0,7.1,25,27.6,42,18.1,0,40.8,100,16/02/2023
20230217,48,32.1,0,15.2,0,0,0,5.5,25,27.1,42,18.4,0,38.5,100,17/02/2023
20230218,49,34.2,0,16.8,0,0,0,7.7,25,27.8,42,21.4,0,39.8,100,18/02/2023
20230219,50,31.7,0,16.7,0,0,0,6,25,21.3,42,20.6,0,44.1,100,19/02/2023
20230220,51,30.3,0,19.4,0,0,0,4.9,25,14.8,42,21.7,0,50.3,96.4,20/02/2023
20230221,52,30,0,19.1,0,0.2,0,4.6,25,14.1,42,22.2,0,52.3,100,21/02/2023
20230222,53,27.5,0,15.1,0,0.2,0,5.4,25,13.2,42,22.1,0,60.2,100,22/02/2023
20230223,54,30.4,0,19.6,0,3.4,0,5.7,25,20.8,42,19.5,0,44.9,85.5,23/02/2023
20230224,55,29.7,0,15.3,0,0,0,5.1,25,17.9,42,16.2,0,38.8,93.2,24/02/2023
20230225,56,31.7,0,13.3,0,0,0,6.5,25,24.4,42,17.6,0,37.6,100,25/02/2023
20230226,57,32.9,0,14.8,0,0,0,6.4,25,26.1,42,20.1,0,40.2,100,26/02/2023
20230227,58,34,0,16.2,0,0,0,6.5,25,26.3,42,21.4,0,40.2,100,27/02/2023
20230228,59,34.1,0,16.5,0,0,0,5.6,25,24.6,42,21.6,0,40.4,100,28/02/2023
20230301,60,37.1,0,16.2,0,0,0,7.2,25,26.2,42,21.2,0,33.6,100,1/03/2023
20230302,61,29.9,0,21.5,0,3.8,0,4.7,25,14.8,42,24.4,0,57.8,95.2,2/03/2023
20230303,62,32.8,0,18.3,0,0,0,6.4,25,17.9,42,21.3,0,42.8,100,3/03/2023
20230304,63,31.9,0,14.7,0,0.4,0,5.6,25,19.6,42,20,0,42.3,100,4/03/2023
20230305,64,32.9,0,14.1,0,0,0,6.2,25,24.2,42,18.9,0,37.8,100,5/03/2023
20230306,65,34.2,0,15.2,0,0,0,6.3,25,25.3,42,21.4,0,39.8,100,6/03/2023
20230307,66,35.3,0,16.4,0,0,0,6,25,23,42,21.6,0,37.8,100,7/03/2023
20230308,67,31.1,0,21.5,0,0,0,3.7,25,9.4,42,24.4,0,54,95.2,8/03/2023
20230309,68,28.3,0,22,0,0,0,2.7,25,8.2,42,22.8,0,59.3,86.3,9/03/2023
20230310,69,30.5,0,19.6,0,1.4,0,2.1,25,11.6,42,21.3,0,48.8,93.4,10/03/2023
20230311,70,26,0,20.8,0,7.8,0,2.1,25,8.8,42,26.8,0,79.7,100,11/03/2023
20230312,71,30.3,0,21.5,0,7.6,0,2.7,25,9.8,42,29.1,0,67.4,100,12/03/2023
20230313,72,31.9,0,21.4,0,17,0,5.1,25,21.9,42,27.9,0,59,100,13/03/2023
20230314,73,32.4,0,17.9,0,0,0,5.9,25,24.2,42,22.4,0,46.1,100,14/03/2023
20230315,74,32.5,0,20.4,0,0,0,2.9,25,21.7,42,23.8,0,48.7,99.3,15/03/2023
20230316,75,36.3,0,18.6,0,0.4,0,6.6,25,23.6,42,25.5,0,42.2,100,16/03/2023
20230317,76,37.8,0,20.5,0,0,0,6.2,25,23.1,42,26.6,0,40.6,100,17/03/2023
20230318,77,35,0,21,0,0,0,6.2,25,23.1,42,24.1,0,42.9,96.9,18/03/2023
20230319,78,33.4,0,19.1,0,0,0,5.9,25,21.3,42,25.3,0,49.2,100,19/03/2023
20230320,79,33,0,16.6,0,0,0,5.8,25,23.3,42,22.4,0,44.5,100,20/03/2023
20230321,80,31.4,0,20.2,0,0.6,0,5.4,25,17.5,42,25.5,0,55.5,100,21/03/2023
20230322,81,27.1,0,20.3,0,4,0,2.6,25,10.9,42,20.8,0,58,87.4,22/03/2023
20230323,82,30.4,0,20.7,0,0,0,4.3,25,16.1,42,19.5,0,44.9,79.9,23/03/2023
20230324,83,33.2,0,16.1,0,0,0,3.8,25,20.5,42,21.3,0,41.9,100,24/03/2023
20230325,84,31.6,0,18,0,2.8,0,5,25,19.2,42,26,0,55.9,100,25/03/2023
20230326,85,30.3,0,19.5,0,7.2,0,3.7,25,18.4,42,23,0,53.3,100,26/03/2023
20230327,86,31.4,0,18.5,0,3.6,0,4.2,25,19.3,42,24,0,52.2,100,27/03/2023
20230328,87,31.4,0,19.1,0,0,0,2.7,25,18.6,42,25,0,54.4,100,28/03/2023
20230329,88,25.3,0,20.6,0,1,0,2.6,25,7.3,42,26.6,0,82.5,100,29/03/2023
20230330,89,30.5,0,19.2,0,18.6,0,6.4,25,20.7,42,23.5,0,53.8,100,30/03/2023
20230331,90,29.6,0,12.2,0,0,0,4.4,25,21.6,42,11.3,0,27.3,79.6,31/03/2023
20230401,91,23.3,0,14,0,0,0,2.3,25,9,42,14.9,0,52.1,93.3,1/04/2023
20230402,92,28.4,0,10.1,0,0,0,4.3,25,20.7,42,14.8,0,38.3,100,2/04/2023
20230403,93,29,0,13.4,0,0,0,4.5,25,19.1,42,16.8,0,41.9,100,3/04/2023
20230404,94,29.6,0,16.1,0,0,0,3.5,25,18.3,42,17.6,0,42.4,96.2,4/04/2023
20230405,95,31.5,0,14.1,0,0.8,0,4.9,25,19.3,42,18.7,0,40.5,100,5/04/2023
20230406,96,27.7,0,13.5,0,0.2,0,3.7,25,17.4,42,18.1,0,48.7,100,6/04/2023
20230407,97,24.9,0,15.4,0,1.4,0,3.7,25,7.5,42,20.6,0,65.4,100,7/04/2023
20230408,98,27.5,0,18,0,9.6,0,6.5,25,20.4,42,15.3,0,41.7,74.2,8/04/2023
20230409,99,26.8,0,14.3,0,0,0,6.4,25,20.2,42,11.9,0,33.8,73.1,9/04/2023
20230410,100,26.3,0,8,0,0,0,4.9,25,18.4,42,10.9,0,31.9,100,10/04/2023
20230411,101,26.7,0,8.6,0,0,0,4.5,25,19.9,42,10.5,0,30,94,11/04/2023
20230412,102,28.5,0,7,0,0,0,4.8,25,18.4,42,11.6,0,29.8,100,12/04/2023
20230413,103,27.2,0,9.4,0,0,0,4.6,25,19.6,42,13,0,36,100,13/04/2023
20230414,104,28,0,10.5,0,0,0,3.7,25,19.2,42,12.6,0,33.3,99.3,14/04/2023
20230415,105,27.9,0,11.1,0,0,0,4.1,25,18.9,42,17.2,0,45.8,100,15/04/2023
20230416,106,30.3,0,12.3,0,0,0,4,25,16.8,42,18.2,0,42.2,100,16/04/2023
20230417,107,30.3,0,16.4,0,0,0,4.4,25,17.2,42,21.4,0,49.6,100,17/04/2023
20230418,108,27.8,0,13.2,0,0,0,4.6,25,18.5,42,15.7,0,42,100,18/04/2023
20230419,109,28,0,12.4,0,0,0,4,25,15,42,15.8,0,41.8,100,19/04/2023
20230420,110,26.7,0,12.1,0,0,0,3.9,25,17.2,42,15.4,0,44,100,20/04/2023
20230421,111,24.1,0,12.5,0,0,0,3.4,25,11,42,16.2,0,54,100,21/04/2023
20230422,112,26.4,0,10.7,0,0,0,3.8,25,17.4,42,16.2,0,47.1,100,22/04/2023
20230423,113,27.8,0,10.2,0,0,0,4.9,25,17.5,42,14.6,0,39.1,100,23/04/2023
20230424,114,27.9,0,15.6,0,0,0,3.6,25,14.3,42,15.8,0,42.1,89.2,24/04/2023
20230425,115,25.2,0,14.1,0,1,0,3.8,25,13.6,42,16.6,0,51.8,100,25/04/2023
20230426,116,23.6,0,11.3,0,2,0,2.3,25,10.6,42,18.1,0,62.2,100,26/04/2023
20230427,117,25.8,0,13.1,0,1.4,0,2.5,25,15.5,42,18.2,0,54.8,100,27/04/2023
20230428,118,27.3,0,12.7,0,0,0,3.9,25,14.5,42,18.4,0,50.7,100,28/04/2023
20230429,119,23.9,0,11.7,0,0,0,1.9,25,11.9,42,17.1,0,57.7,100,29/04/2023
20230430,120,23.8,0,14.6,0,4.4,0,3.6,25,17,42,15.2,0,51.6,91.5,30/04/2023
20230501,121,23.7,0,8.7,0,0,0,3.9,25,16.9,42,9.9,0,33.8,88.1,1/05/2023
20230502,122,23.7,0,5.4,0,0,0,2.9,25,11.2,42,9.9,0,33.8,100,2/05/2023
20230503,123,27.5,0,9.9,0,0,0,3.6,25,16.8,42,12,0,32.7,98.5,3/05/2023
20230504,124,28.6,0,5.2,0,0,0,3.6,25,16.7,42,12.4,0,31.7,100,4/05/2023
20230505,125,24.9,0,9.7,0,0,0,3,25,15.8,42,14.2,0,45.1,100,5/05/2023
20230506,126,26.9,0,9.9,0,0,0,3,25,16.4,42,15,0,42.3,100,6/05/2023
20230507,127,26.9,0,12.6,0,0,0,5.5,25,11.6,42,15.3,0,43.2,100,7/05/2023
20230508,128,20.5,0,7.7,0,0,0,5,25,16.2,42,5.9,0,24.5,56.2,8/05/2023
20230509,129,23.1,0,4.4,0,0,0,3.6,25,16.1,42,5.9,0,20.9,70.6,9/05/2023
20230510,130,24.9,0,4,0,0,0,3.3,25,15.8,42,8.7,0,27.6,100,10/05/2023
20230511,131,24.6,0,7.6,0,0,0,2.6,25,13.2,42,12.4,0,40.1,100,11/05/2023
20230512,132,24.9,0,9.1,0,0,0,3.3,25,12.2,42,14.3,0,45.4,100,12/05/2023
20230513,133,25.1,0,8.9,0,0,0,3,25,11.8,42,14.4,0,45.2,100,13/05/2023
20230514,134,22.7,0,8.8,0,0,0,1.4,25,7.9,42,15,0,54.4,100,14/05/2023
20230515,135,21.3,0,15.1,0,11.2,0,1.1,25,8.2,42,17.4,0,68.7,100,15/05/2023
20230516,136,20.1,0,15.7,0,45.8,0,1.5,25,9.5,42,18.1,0,77,100,16/05/2023
20230517,137,23.8,0,8,0,0.8,0,2.5,25,14.9,42,13.7,0,46.5,100,17/05/2023
20230518,138,22.9,0,9,0,0.2,0,3,25,15.1,42,13.6,0,48.7,100,18/05/2023
20230519,139,22,0,4.6,0,0,0,2.6,25,15.2,42,10.4,0,39.4,100,19/05/2023
20230520,140,21.7,0,4.3,0,0,0,3.7,25,15.1,42,10.2,0,39.3,100,20/05/2023
20230521,141,21.3,0,5.4,0,0,0,3.6,25,15,42,8.4,0,33.2,93.7,21/05/2023
20230522,142,22.5,0,5.5,0,0,0,3,25,14.9,42,9.5,0,34.9,100,22/05/2023
20230523,143,24,0,3.7,0,0,0,2.8,25,14.8,42,10.2,0,34.2,100,23/05/2023
20230524,144,23.2,0,5.1,0,0,0,1.9,25,14.7,42,11.5,0,40.5,100,24/05/2023
20230525,145,23.8,0,4.5,0,0,0,2.4,25,14.7,42,12.4,0,42.1,100,25/05/2023
20230526,146,26.4,0,4.5,0,0,0,4.3,25,14.1,42,11.6,0,33.7,100,26/05/2023
20230527,147,22.2,0,8,0,0,0,2.4,25,14.5,42,9.7,0,36.3,90.5,27/05/2023
20230528,148,21.8,0,2.2,0,0,0,3.9,25,14.5,42,9.4,0,36,100,28/05/2023
20230529,149,22.2,0,6.8,0,0,0,2.6,25,14.4,42,8.4,0,31.4,85.1,29/05/2023
20230530,150,23.2,0,0.7,0,0,0,2.2,25,14.4,42,9.4,0,33.1,100,30/05/2023
20230531,151,23.8,0,1.6,0,0,0,2.2,25,14.3,42,10,0,33.9,100,31/05/2023
20230601,152,25.2,0,3.9,0,0,0,2.8,25,13.8,42,11.2,0,34.9,100,1/06/2023
20230602,153,24.9,0,5.8,0,0,0,2.3,25,13.8,42,11.7,0,37.2,100,2/06/2023
20230603,154,24.4,0,8.9,0,0,0,1.7,25,11.7,42,14.6,0,47.8,100,3/06/2023
20230604,155,21.9,0,13.7,0,1,0,1.8,25,7.1,42,19.3,0,73.5,100,4/06/2023
20230605,156,20.9,0,14.7,0,3.8,0,2,25,8.4,42,18.1,0,73.3,100,5/06/2023
20230606,157,22.6,0,11.3,0,1.2,0,2.3,25,11.5,42,15.6,0,56.9,100,6/06/2023
20230607,158,22.3,0,11.7,0,0.2,0,2.5,25,11.7,42,15.2,0,56.5,100,7/06/2023
20230608,159,22.1,0,9.3,0,0,0,1.8,25,11.7,42,14.8,0,55.7,100,8/06/2023
20230609,160,22.3,0,11.6,0,0,0,3.6,25,13.9,42,13.9,0,51.6,100,9/06/2023
20230610,161,22.3,0,3.3,0,0,0,2.7,25,13.9,42,10.4,0,38.6,100,10/06/2023
20230611,162,23.3,0,6.5,0,0,0,2.1,25,13.3,42,12.5,0,43.7,100,11/06/2023
20230612,163,20.5,0,9.7,0,0,0,1.1,25,8.7,42,13.1,0,54.3,100,12/06/2023
20230613,164,22.9,0,7.5,0,0,0,2.3,25,13.6,42,13.6,0,48.7,100,13/06/2023
20230614,165,24.4,0,3.2,0,0,0,3.5,25,13.8,42,11.8,0,38.6,100,14/06/2023
20230615,166,21.2,0,5.3,0,0,0,2.6,25,13.8,42,8.7,0,34.6,97.7,15/06/2023
20230616,167,20.8,0,2.7,0,0,0,2.7,25,13.8,42,8.8,0,35.8,100,16/06/2023
20230617,168,21.7,0,2.3,0,0,0,2,25,13.8,42,10.1,0,38.9,100,17/06/2023
20230618,169,23.3,0,5.9,0,0,0,2.8,25,13.6,42,11.9,0,41.6,100,18/06/2023
20230619,170,22.6,0,3.3,0,0,0,3.3,25,13.8,42,9.3,0,33.9,100,19/06/2023
20230620,171,21,0,5.3,0,0,0,2.7,25,12.2,42,7,0,28.2,78.6,20/06/2023
20230621,172,19.7,0,2.3,0,0,0,2.3,25,13.8,42,7.4,0,32.3,100,21/06/2023
20230622,173,20.4,0,4.9,0,0,0,2.3,25,11.8,42,9.4,0,39.2,100,22/06/2023
20230623,174,24,0,6.5,0,0.2,0,2.4,25,9.5,42,12.4,0,41.6,100,23/06/2023
20230624,175,24.7,0,3.1,0,0,0,3.1,25,13.8,42,9.7,0,31.2,100,24/06/2023
20230625,176,29.4,0,1.1,0,0,0,3.6,25,13.8,42,8.9,0,21.7,100,25/06/2023
20230626,177,23.5,0,9.3,0,0,0,3.9,25,13.8,42,7.4,0,25.6,63.2,26/06/2023
20230627,178,23.3,0,9.8,0,0,0,3.7,25,13.8,42,6.7,0,23.4,55.3,27/06/2023
20230628,179,25.1,0,7.2,0,0,0,3.3,25,13.7,42,8.7,0,27.3,85.7,28/06/2023
20230629,180,18.9,0,12.2,0,0,0,3.1,25,12.9,42,12.1,0,55.4,85.2,29/06/2023
20230630,181,18.8,0,6.7,0,0,0,3.1,25,13.9,42,7.5,0,34.6,76.5,30/06/2023
20230701,182,18.8,0,4.5,0,0,0,2.2,25,11.3,42,8.4,0,38.7,99.8,1/07/2023
20230702,183,20.8,0,3.6,0,0,0,2.1,25,12.3,42,9.9,0,40.3,100,2/07/2023
20230703,184,20.3,0,10.6,0,0,0,1,25,8.4,42,13,0,54.6,100,3/07/2023
20230704,185,18.7,0,13.4,0,4.4,0,1,25,5.7,42,16.4,0,76.1,100,4/07/2023
20230705,186,23.8,0,13.4,0,14.8,0,2.7,25,13.4,42,19.3,0,65.5,100,5/07/2023
20230706,187,22.6,0,6.4,0,0,0,2.9,25,12.1,42,12.6,0,46,100,6/07/2023
20230707,188,21.3,0,4.6,0,0,0,4.7,25,14.2,42,10.4,0,41.1,100,7/07/2023
20230708,189,20.4,0,7.4,0,0,0,3.8,25,14.2,42,8.9,0,37.2,86.5,8/07/2023
20230709,190,21.3,0,9.2,0,0,0,2.6,25,12.4,42,8.1,0,32,69.7,9/07/2023
20230710,191,22.4,0,5.3,0,0,0,2.1,25,14.3,42,9.7,0,35.8,100,10/07/2023
20230711,192,22.8,0,2.4,0,0,0,2.5,25,14.4,42,9.7,0,35,100,11/07/2023
20230712,193,21.8,0,3.4,0,0,0,1.8,25,11.9,42,10.1,0,38.7,100,12/07/2023
20230713,194,22.6,0,8.2,0,0,0,2.5,25,13.7,42,13.2,0,48.2,100,13/07/2023
20230714,195,22.4,0,5,0,0,0,2.1,25,13,42,12.4,0,45.8,100,14/07/2023
20230715,196,21.6,0,4.6,0,0,0,1.9,25,12.5,42,12.3,0,47.7,100,15/07/2023
20230716,197,23.9,0,7,0,0,0,2.6,25,14.1,42,11.3,0,38.1,100,16/07/2023
20230717,198,21.6,0,6.5,0,0,0,2.1,25,11.6,42,10.9,0,42.3,100,17/07/2023
20230718,199,20.9,0,10.6,0,0.4,0,1.7,25,11.4,42,15.4,0,62.3,100,18/07/2023
20230719,200,24.8,0,8.7,0,0,0,3.4,25,14.9,42,14,0,44.7,100,19/07/2023
20230720,201,22.6,0,4,0,0,0,2.8,25,15,42,10.1,0,36.8,100,20/07/2023
20230721,202,25,0,1.1,0,0,0,2.5,25,14.9,42,8.9,0,28.1,100,21/07/2023
20230722,203,22.1,0,5.1,0,0,0,3.2,25,15.1,42,8.9,0,33.5,100,22/07/2023
20230723,204,21.7,0,1.6,0,0,0,2.5,25,15.2,42,8.7,0,33.5,100,23/07/2023
20230724,205,20.6,0,7.9,0,0,0,2.5,25,10.3,42,11.2,0,46.2,100,24/07/2023
20230725,206,22.6,0,4.1,0,0,0,2.9,25,14.7,42,11.2,0,40.9,100,25/07/2023
20230726,207,21.6,0,4.8,0,0,0,2.2,25,12.5,42,11.2,0,43.4,100,26/07/2023
20230727,208,22.1,0,7,0,0,0,2.6,25,12.6,42,12.2,0,45.9,100,27/07/2023
20230728,209,23.7,0,6.8,0,0,0,3.4,25,15.6,42,12.7,0,43.4,100,28/07/2023
20230729,210,24.5,0,4.6,0,0,0,2.8,25,15.7,42,11,0,35.8,100,29/07/2023
20230730,211,25.1,0,4.8,0,0,0,2.6,25,15.8,42,11.1,0,34.8,100,30/07/2023
20230731,212,27,0,7.6,0,0,0,2.9,25,15.3,42,12.3,0,34.5,100,31/07/2023
20230801,213,26.6,0,8.1,0,0,0,2.8,25,15.9,42,12.8,0,36.8,100,1/08/2023
20230802,214,24.6,0,14.4,0,0.2,0,4.8,25,13.9,42,13.8,0,44.6,84.2,2/08/2023
20230803,215,21.8,0,6.4,0,0.4,0,2.6,25,13.9,42,15,0,57.5,100,3/08/2023
20230804,216,22.9,0,7.6,0,0.2,0,2.6,25,12.9,42,13.7,0,49.1,100,4/08/2023
